# Blender 5.2.0 LTS
# www.blender.org
mtllib lion05.mtl
o lion_head
v -0.000270 0.257672 0.101548
v 0.012807 0.260282 0.101614
v 0.003643 0.272238 0.091998
v 0.013105 0.284640 0.071562
v 0.045300 0.304257 0.038456
v 0.053091 0.299202 0.035739
v 0.041555 0.290839 0.045747
v 0.032790 0.303516 0.040613
v 0.039250 0.309721 0.045960
v 0.027662 0.268786 0.073942
v -0.000036 0.291406 0.063000
v 0.000288 0.312249 0.040091
v 0.063334 0.288268 0.033309
v 0.029023 0.260219 0.088014
v 0.037229 0.237974 0.081465
v 0.056380 0.281863 0.046889
v 0.067844 0.280977 0.024389
v 0.068539 0.298549 0.017533
v 0.000173 0.343646 0.013423
v 0.031827 0.356310 0.007790
v -0.008363 0.362249 0.000929
v 0.048432 0.345560 0.011194
v 0.041890 0.260025 0.051323
v 0.068063 0.267622 0.023274
v 0.041107 0.224393 0.075667
v 0.064397 0.256006 0.023955
v 0.047920 0.226559 0.041540
v 0.024048 0.231456 0.091936
v 0.034139 0.215524 0.079151
v 0.000806 0.222520 0.079879
v 0.009345 0.221718 0.089452
v 0.008198 0.243972 0.092898
v 0.022643 0.249094 0.090348
v 0.021141 0.252410 0.088216
v 0.011870 0.255363 0.096287
v 0.046496 0.212618 0.032561
v 0.055175 0.237693 0.025758
v 0.069173 0.276229 0.021260
v 0.036136 0.212426 0.046522
v -0.003766 0.219428 0.085414
v 0.004606 0.206608 0.086101
v 0.020334 0.211239 0.077186
v -0.000092 0.192604 0.082116
v 0.017995 0.196499 0.076863
v 0.030829 0.206535 0.057103
v 0.037463 0.205312 0.038920
v 0.021072 0.190497 0.041867
v -0.000629 0.183322 0.073027
v 0.019175 0.188019 0.055898
v 0.040313 0.203411 0.026218
v 0.030565 0.195395 0.028470
v -0.009454 0.189347 0.040358
v -0.019958 0.193239 0.019891
v 0.036048 0.298398 0.041230
v -0.014060 0.261091 0.100436
v -0.013783 0.283767 0.071929
v -0.012204 0.301265 0.054482
v -0.029082 0.297912 0.043887
v -0.051003 0.306425 0.039363
v -0.045043 0.291845 0.044100
v -0.030316 0.293516 0.042486
v -0.036549 0.292689 0.039707
v -0.031528 0.306186 0.045698
v -0.039993 0.309199 0.045782
v -0.056176 0.301467 0.033060
v -0.027613 0.286684 0.048916
v -0.027115 0.270362 0.073538
v -0.033083 0.328331 0.039272
v -0.041870 0.320653 0.041273
v -0.025009 0.258448 0.091041
v -0.036652 0.239069 0.082069
v -0.057654 0.281708 0.045705
v -0.071155 0.294450 0.021479
v -0.068096 0.280589 0.023625
v -0.063451 0.308466 0.016294
v -0.033250 0.344407 0.019247
v -0.025923 0.358827 0.004618
v -0.058110 0.335660 0.012643
v -0.067464 0.256495 0.019657
v -0.026310 0.231159 0.091037
v -0.032069 0.216636 0.081116
v -0.014936 0.229667 0.093862
v 0.000111 0.234426 0.090159
v -0.007582 0.243379 0.092982
v -0.015200 0.246342 0.091566
v -0.020883 0.252508 0.086293
v -0.042129 0.213839 0.058934
v -0.047091 0.210515 0.038748
v -0.049098 0.220951 0.032807
v -0.062526 0.245090 0.019078
v -0.070573 0.273329 0.021149
v -0.036033 0.210368 0.044242
v -0.011655 0.218659 0.077416
v -0.025481 0.194723 0.066342
v -0.042383 0.205091 0.034824
v -0.026999 0.196053 0.054903
v -0.019627 0.186815 0.060612
v -0.039581 0.202548 0.026783
v -0.035232 0.298485 0.041468
v 0.079483 0.355627 0.003340
v 0.114217 0.356296 -0.003486
v 0.058288 0.355061 0.008643
v 0.104946 0.366112 -0.001867
v 0.093651 0.339248 -0.005256
v 0.107730 0.344627 -0.011151
v 0.087166 0.337146 0.011723
v 0.070095 0.329375 0.020400
v 0.088645 0.333747 -0.004045
v 0.085139 0.324730 -0.003298
v 0.073974 0.351836 0.014204
v 0.074773 0.357156 0.010347
v 0.073823 0.363474 0.005119
v 0.081499 0.332751 0.017489
v 0.100943 0.316116 0.027678
v 0.117348 0.297878 0.034705
v 0.124734 0.286935 0.032295
v 0.137380 0.272121 0.016713
v 0.113544 0.320394 0.015038
v 0.076528 0.300779 0.009909
v 0.078581 0.295393 0.024976
v 0.079101 0.277574 0.031226
v 0.099479 0.302438 0.027131
v 0.112986 0.285409 0.033431
v 0.124502 0.277302 0.028351
v 0.121110 0.275068 0.026087
v 0.110207 0.338436 -0.048327
v 0.127093 0.305161 0.021905
v 0.133111 0.288927 0.013700
v 0.104566 0.332198 -0.010373
v 0.109546 0.335749 -0.001459
v 0.111726 0.326963 -0.003642
v 0.117561 0.341079 -0.004831
v 0.104742 0.365892 -0.007959
v 0.098519 0.369582 -0.015267
v 0.092194 0.375248 -0.003430
v 0.062786 0.366793 0.003497
v 0.104090 0.366817 -0.033189
v 0.108741 0.360270 -0.036629
v 0.119937 0.327395 -0.010085
v 0.127274 0.321827 0.008239
v 0.138110 0.303693 0.005287
v 0.139324 0.306214 -0.001503
v 0.154930 0.288740 -0.018097
v 0.116173 0.320164 0.008413
v 0.144516 0.290920 -0.004767
v 0.125385 0.318858 -0.029903
v 0.138240 0.306415 -0.021806
v 0.098049 0.303099 0.018324
v 0.139631 0.261720 0.012524
v 0.101036 0.278278 0.025774
v 0.116045 0.261476 0.025049
v 0.129639 0.246590 0.025088
v 0.103505 0.258561 0.037483
v 0.117921 0.253241 0.039378
v 0.092345 0.257399 0.034709
v 0.106632 0.245331 0.038169
v 0.112626 0.255442 0.028789
v 0.115864 0.245557 0.030586
v 0.126071 0.253377 0.036000
v 0.108931 0.244600 0.032299
v 0.087461 0.268407 0.024411
v 0.079666 0.273894 0.020099
v 0.080227 0.273496 0.028577
v 0.082711 0.241891 0.038862
v 0.082083 0.220909 0.032434
v 0.069595 0.248113 0.029865
v 0.076402 0.231376 0.031510
v 0.076399 0.221777 0.031054
v 0.089427 0.239603 0.032842
v 0.087530 0.223717 0.031822
v 0.071721 0.227003 0.038285
v 0.092090 0.244824 0.023359
v 0.092126 0.231414 0.030151
v 0.101703 0.244650 0.024917
v 0.105944 0.226457 0.038799
v 0.109917 0.199838 0.038524
v 0.100611 0.197123 0.027411
v 0.104017 0.190455 0.021848
v 0.107819 0.177288 0.014497
v 0.095822 0.243248 0.028653
v 0.093260 0.222092 0.038596
v 0.094042 0.207821 0.034442
v 0.097361 0.233424 0.037388
v 0.087318 0.215980 0.033358
v 0.072420 0.217789 0.036014
v 0.082651 0.218194 0.024403
v 0.084235 0.217564 0.028195
v 0.075689 0.217106 0.031233
v 0.071721 0.205778 0.027091
v 0.067885 0.200172 0.042066
v 0.094568 0.193486 0.034728
v 0.082343 0.198449 0.029152
v 0.070719 0.199540 0.036359
v 0.073801 0.188921 0.045403
v 0.067966 0.186613 0.030019
v 0.086754 0.180707 0.032417
v 0.090195 0.161277 0.023430
v 0.098894 0.160257 0.038118
v 0.092524 0.156665 0.033254
v 0.101035 0.176121 0.031854
v 0.098545 0.181657 0.025908
v 0.105910 0.164697 0.030774
v 0.102809 0.161276 0.021405
v 0.112901 0.148238 0.008774
v 0.118444 0.145984 0.013516
v 0.107761 0.162791 0.011785
v 0.103184 0.148105 0.033101
v 0.098107 0.124780 0.001808
v 0.109844 0.129950 0.007174
v 0.104444 0.115320 0.014074
v 0.090163 0.112351 0.014280
v 0.099998 0.127031 0.008138
v 0.095127 0.114893 0.008722
v 0.093361 0.117068 0.004360
v 0.085630 0.114475 0.016268
v 0.089534 0.141745 0.031935
v 0.101449 0.126351 0.022039
v 0.081552 0.149732 0.031941
v 0.083306 0.186187 0.031261
v 0.074086 0.191753 0.039221
v 0.070652 0.183953 0.042140
v 0.064952 0.190366 0.046040
v 0.056263 0.202379 0.041676
v 0.047100 0.200979 0.030305
v 0.080879 0.155115 0.042783
v 0.057449 0.169074 0.044140
v 0.069433 0.147856 0.043626
v 0.062857 0.133769 0.039042
v 0.036722 0.177704 0.041982
v 0.030097 0.183235 0.033285
v 0.029494 0.163857 0.051653
v 0.018004 0.140173 0.053035
v 0.018286 0.128700 0.045506
v 0.011394 0.148877 0.047234
v 0.012569 0.127608 0.041749
v -0.000944 0.133985 0.042282
v 0.002241 0.181002 0.008692
v 0.009876 0.158700 0.022173
v 0.051622 0.178553 0.045478
v 0.022854 0.121117 0.042341
v 0.043527 0.134807 0.053178
v 0.043961 0.177914 0.033361
v 0.115410 0.217897 0.034353
v 0.120602 0.203460 0.028518
v 0.121029 0.229717 0.018110
v 0.112511 0.223692 0.024298
v 0.129491 0.188822 -0.002791
v 0.125479 0.186960 0.008473
v 0.116957 0.240101 0.022315
v 0.155222 0.292684 -0.031742
v 0.151045 0.270417 -0.005079
v 0.138055 0.233261 0.004152
v 0.136523 0.219579 0.003254
v 0.127180 0.226316 0.015104
v 0.132742 0.215637 0.011025
v 0.148801 0.217421 0.008246
v 0.128251 0.199599 0.006258
v 0.135901 0.203050 -0.002254
v 0.147510 0.210832 -0.000379
v 0.151349 0.217478 0.005428
v 0.144170 0.210687 0.008843
v 0.132098 0.242109 -0.009773
v 0.139123 0.260951 -0.016640
v 0.117612 0.259982 -0.021533
v 0.138338 0.281485 -0.027111
v 0.145564 0.294139 -0.034940
v 0.113984 0.145517 -0.002833
v 0.065080 0.115942 0.043351
v 0.053543 0.111295 0.047683
v 0.083391 0.146798 0.027745
v 0.093975 0.124446 0.014338
v 0.091055 0.116495 0.016631
v 0.076453 0.144936 0.045928
v -0.020465 0.187274 0.012039
v -0.028327 0.174746 0.015622
v -0.002825 0.381559 0.004178
v 0.040406 0.414216 -0.029441
v 0.007480 0.407394 -0.005320
v 0.001145 0.432969 -0.036153
v 0.015605 0.386268 -0.001312
v 0.016377 0.428211 -0.069314
v 0.016729 0.423597 -0.067682
v 0.016877 0.416861 -0.033164
v 0.065259 0.406838 -0.021337
v 0.078169 0.395850 -0.034715
v 0.075784 0.398364 -0.010965
v 0.094160 0.390504 -0.038946
v 0.104429 0.376017 -0.014032
v 0.108400 0.373971 -0.032541
v 0.075468 0.381310 0.001054
v 0.108072 0.381205 -0.051090
v 0.111641 0.370623 -0.058557
v 0.101658 0.353408 -0.068707
v 0.085530 0.347270 -0.068639
v 0.108218 0.348035 -0.052206
v 0.096235 0.341795 -0.065089
v 0.090873 0.358156 -0.062035
v 0.094893 0.323225 -0.066595
v -0.034756 0.397548 -0.003618
v -0.010362 0.402372 -0.020555
v -0.013414 0.417660 -0.033100
v 0.014151 0.436250 -0.059764
v 0.006928 0.424446 -0.057280
v -0.005405 0.414079 -0.048203
v 0.018927 0.428747 -0.061027
v 0.013261 0.424639 -0.056531
v 0.009524 0.414004 -0.047983
v 0.011079 0.427491 -0.063548
v -0.022853 0.413539 -0.032271
v -0.022691 0.416769 -0.045093
v -0.035917 0.410987 -0.047144
v -0.034777 0.405427 -0.022852
v -0.040522 0.410903 -0.027667
v -0.042016 0.412747 -0.037705
v -0.048407 0.412807 -0.017014
v -0.068489 0.416715 -0.049532
v -0.084326 0.396925 -0.070132
v -0.083263 0.385490 -0.071103
v -0.061314 0.382630 -0.006999
v -0.080074 0.397826 -0.051310
v -0.083085 0.383042 -0.065561
v -0.048701 0.416489 -0.054182
v -0.039583 0.426564 -0.045167
v -0.026779 0.405289 -0.013557
v -0.039618 0.422371 -0.038142
v -0.047855 0.396421 -0.052439
v -0.064916 0.406276 -0.061262
v -0.079138 0.384347 -0.069271
v -0.067790 0.397105 -0.055913
v -0.072290 0.376741 0.002195
v -0.075014 0.389376 -0.003424
v -0.095483 0.379434 -0.054309
v -0.089196 0.369896 -0.071995
v -0.080915 0.360327 -0.091370
v -0.087950 0.376957 -0.004627
v -0.095911 0.391644 -0.015026
v -0.100907 0.386573 -0.036720
v -0.110670 0.378210 -0.076085
v -0.097275 0.373719 -0.090704
v -0.072272 0.388003 -0.043025
v -0.070936 0.372958 -0.058227
v -0.052640 0.371159 -0.062669
v -0.045299 0.416970 -0.052074
v -0.045500 0.424102 -0.050446
v -0.047845 0.415428 -0.047595
v 0.021441 0.398060 -0.048208
v 0.064574 0.382893 -0.045523
v 0.069497 0.364880 -0.056099
v -0.022408 0.382751 0.008085
v -0.098559 0.377818 -0.009577
v -0.117513 0.366170 -0.054824
v -0.107525 0.362365 -0.087653
v -0.090017 0.355005 -0.089513
v -0.055237 0.355929 0.005905
v -0.077496 0.347143 0.009616
v -0.083201 0.362413 0.000474
v -0.101403 0.364747 -0.009949
v -0.116479 0.349024 -0.004921
v -0.110228 0.354128 -0.021993
v -0.114842 0.337511 -0.007200
v -0.072116 0.331349 0.018818
v -0.072428 0.340072 0.018802
v -0.099989 0.341836 0.008196
v -0.127724 0.333248 0.014454
v -0.125983 0.321345 0.017862
v -0.106932 0.325179 0.019162
v -0.125402 0.333424 0.000460
v -0.131006 0.326567 0.007932
v -0.129613 0.328812 -0.016606
v -0.142235 0.323554 -0.003410
v -0.128105 0.330450 -0.037407
v -0.129901 0.342200 -0.032543
v -0.139392 0.346968 -0.050734
v -0.138301 0.342724 -0.046827
v -0.138943 0.334901 -0.061291
v -0.126702 0.354377 -0.037736
v -0.133963 0.336080 -0.045123
v -0.123939 0.321315 0.015200
v -0.133177 0.312085 0.009533
v -0.155458 0.314405 -0.023320
v -0.154727 0.289108 -0.039479
v -0.138241 0.323366 -0.028851
v -0.125326 0.322557 -0.045012
v -0.081286 0.307126 0.020365
v -0.115466 0.304470 0.018582
v -0.157006 0.300436 -0.026718
v -0.159616 0.301470 -0.031691
v -0.138413 0.295379 -0.028418
v -0.141453 0.315011 -0.031809
v -0.124326 0.308527 -0.042986
v -0.137201 0.335575 -0.062434
v -0.133660 0.332732 -0.062292
v -0.130034 0.335993 -0.050084
v -0.112476 0.346636 -0.055989
v -0.102278 0.352337 -0.069744
v -0.082063 0.289708 0.018274
v -0.106526 0.287100 0.023622
v -0.145447 0.273047 0.008117
v -0.162400 0.268208 -0.013165
v -0.112602 0.302077 0.026694
v -0.118185 0.287874 0.028974
v -0.121774 0.294226 0.016480
v -0.151351 0.282036 -0.005423
v -0.136044 0.293322 0.005536
v -0.128117 0.279037 -0.021642
v -0.128528 0.298500 -0.026063
v -0.144397 0.263073 -0.000290
v -0.138032 0.268234 0.013660
v -0.117375 0.277077 0.025628
v -0.114271 0.284604 -0.029019
v -0.146495 0.272470 -0.013479
v -0.090873 0.284878 0.032657
v -0.121912 0.259290 0.040614
v -0.117255 0.247570 0.026525
v -0.132835 0.256872 0.027541
v -0.133798 0.249063 0.035131
v -0.135258 0.234815 0.030741
v -0.160032 0.217451 0.012299
v -0.159876 0.196489 -0.003106
v -0.161238 0.212820 -0.003689
v -0.118661 0.250836 0.036654
v -0.124216 0.232964 0.031063
v -0.152631 0.207487 0.008070
v -0.111745 0.260829 0.035223
v -0.117496 0.216826 0.030400
v -0.148166 0.211440 0.004899
v -0.080466 0.263405 0.025842
v -0.098107 0.264270 0.027093
v -0.091970 0.246413 0.035101
v -0.108124 0.224025 0.044321
v -0.124912 0.206167 0.031458
v -0.112875 0.231350 0.037286
v -0.136443 0.212688 0.022483
v -0.055234 0.231863 0.015548
v -0.045591 0.212109 0.018738
v -0.102426 0.210923 0.038742
v -0.133332 0.207431 0.018092
v -0.143002 0.209300 0.007083
v -0.073690 0.256734 0.018929
v -0.091175 0.241317 0.022548
v -0.096504 0.218922 0.034824
v -0.107198 0.205440 0.034845
v -0.139901 0.205148 0.000383
v -0.070705 0.232468 0.027525
v -0.081013 0.241739 0.031087
v -0.084852 0.211569 0.037103
v -0.092851 0.202089 0.037210
v -0.110526 0.194940 0.033337
v -0.123710 0.197491 0.019189
v -0.133436 0.188347 0.014385
v -0.135581 0.193285 0.008507
v -0.073986 0.213593 0.032941
v -0.083534 0.200190 0.034254
v -0.106118 0.191440 0.033868
v -0.066256 0.238830 0.010719
v -0.079086 0.205221 0.024892
v -0.124890 0.194737 0.014605
v -0.055322 0.225172 0.015597
v -0.051398 0.207415 0.016015
v -0.034878 0.196870 0.023935
v -0.044239 0.187163 0.034192
v -0.034307 0.158075 0.044902
v -0.046871 0.136178 0.046669
v -0.049500 0.179904 0.032391
v -0.053595 0.175793 0.029144
v -0.042629 0.155971 0.038766
v -0.036174 0.150434 0.043620
v -0.044859 0.139426 0.042571
v -0.053796 0.134907 0.042973
v -0.036295 0.180774 0.031869
v -0.032900 0.191780 0.011671
v -0.028636 0.148790 0.045156
v -0.022930 0.155756 0.035313
v -0.052191 0.130451 0.042048
v -0.039990 0.123806 0.045783
v -0.061358 0.171678 0.037286
v -0.048357 0.148114 0.046202
v -0.072521 0.183445 0.035596
v -0.058875 0.156864 0.047534
v -0.053408 0.150738 0.045699
v -0.054258 0.125866 0.047071
v -0.077029 0.182108 0.032866
v -0.074347 0.158461 0.037166
v -0.074733 0.149072 0.041493
v -0.060465 0.141575 0.047742
v -0.072350 0.132513 0.036246
v -0.075417 0.124664 0.036386
v -0.137326 0.259776 0.019264
v -0.150341 0.253342 0.012490
v -0.151395 0.240327 0.012003
v -0.140897 0.239355 0.005614
v -0.148685 0.209561 -0.005143
v -0.142557 0.226525 -0.002514
v -0.140748 0.249429 -0.008942
v -0.123851 0.251472 -0.007290
v -0.106447 0.179908 0.027887
v -0.122765 0.173592 0.017613
v -0.135773 0.166453 0.009717
v -0.129799 0.156985 0.008781
v -0.134884 0.165865 0.001229
v -0.119169 0.158122 -0.002410
v -0.087375 0.135646 0.024859
v -0.079811 0.119562 0.030272
v -0.077527 0.102549 0.016893
v -0.099830 0.151241 0.025811
v -0.100902 0.127627 0.018057
v -0.097574 0.143259 0.024206
v -0.090066 0.139709 0.022806
v -0.071824 0.096618 0.003278
v -0.091834 0.131110 0.016655
v -0.103375 0.165504 0.024364
v -0.103737 0.151382 0.008732
v -0.102239 0.132688 0.010192
v -0.097248 0.124930 0.001789
v -0.069865 0.109324 0.027403
v -0.058580 0.120690 0.044587
v -0.049378 0.102121 0.040462
v -0.050892 0.095439 0.034541
v -0.048138 0.120914 0.046144
v -0.048474 0.116725 0.043462
v -0.060232 0.123603 0.037506
v -0.059862 0.106394 0.034049
v -0.055589 0.093562 0.032647
v -0.059048 0.092554 0.021937
v -0.064230 0.086120 0.007496
v -0.047905 0.085382 0.030247
v -0.024548 0.155378 0.031328
v -0.034328 0.130135 0.045690
v -0.025176 0.129574 0.053107
v -0.040691 0.114968 0.049859
v -0.039849 0.101720 0.049534
v -0.035701 0.084955 0.032007
v -0.044525 0.101462 0.035975
v -0.036827 0.178619 0.020221
v -0.009942 0.168065 0.022415
v -0.009963 0.151130 0.040349
v -0.046490 0.118997 0.038384
v -0.022832 0.119800 0.050755
v -0.032765 0.107999 0.046346
v -0.013996 0.113805 0.055365
v -0.022826 0.099166 0.046104
v -0.030950 0.092626 0.039024
v -0.006476 0.104363 0.042304
v -0.028639 0.086590 0.035996
v -0.044307 0.092556 0.031337
v 0.011279 0.119789 0.040901
v 0.008644 0.101684 0.051467
v 0.012165 0.078620 0.052438
v 0.005511 0.065506 0.050529
v 0.008777 0.042294 0.028625
v 0.020456 0.040477 0.012221
v -0.005066 0.064247 0.042065
v -0.005927 0.050855 0.022667
v -0.003789 0.044632 0.017549
v 0.007315 0.038212 0.015022
v -0.012468 0.089554 0.046490
v -0.015520 0.079546 0.040102
v -0.019433 0.064357 0.026846
v -0.007077 0.036210 0.015579
v 0.006942 0.033678 0.009569
v -0.030801 0.060577 0.027406
v -0.025944 0.052358 0.017007
v -0.060474 0.071047 0.019004
v -0.056408 0.061704 0.007452
v -0.012509 0.036391 0.010851
v -0.000206 0.033758 0.001937
v 0.015686 0.099429 0.048909
v 0.020449 0.088589 0.041826
v 0.016230 0.071534 0.035172
v 0.010701 0.051950 0.029249
v 0.014633 0.047132 0.019356
v 0.021830 0.111635 0.041212
v 0.027803 0.117432 0.047677
v 0.028479 0.069864 0.031993
v 0.016484 0.051728 0.024514
v 0.022919 0.054389 0.013418
v 0.009466 0.051523 0.019021
v 0.021566 0.073483 0.031222
v 0.038542 0.105476 0.051501
v 0.041674 0.091303 0.032853
v 0.030637 0.070233 0.024683
v 0.038943 0.059877 0.020200
v 0.044945 0.061510 0.010950
v 0.044103 0.077135 0.024171
v 0.051575 0.095206 0.035982
v 0.055457 0.105034 0.036473
v 0.061773 0.113742 0.037249
v 0.060052 0.081376 0.017748
v 0.057643 0.083295 0.009518
v 0.083005 0.108533 0.007395
v -0.091035 0.360336 -0.070709
v -0.094989 0.328391 -0.072252
v -0.124793 0.332114 -0.048830
v -0.067569 0.316475 -0.076659
v -0.041618 0.353102 -0.067999
v 0.016106 0.338519 -0.076710
v 0.058194 0.302434 -0.062180
v 0.112279 0.226319 -0.018200
v 0.096445 0.172485 -0.023305
v 0.083195 0.133946 0.000869
v 0.029637 0.089885 -0.003593
v 0.012903 0.050452 -0.007281
v 0.023273 0.075045 0.002199
v -0.026133 0.051189 -0.001420
v 0.003841 0.077780 -0.003027
v -0.032772 0.075139 0.003171
v 0.000812 0.103373 -0.015511
v -0.086575 0.135944 -0.014282
v -0.105421 0.157330 -0.010188
v -0.102954 0.207514 -0.012493
v -0.113275 0.241328 -0.009816
v -0.114110 0.263219 -0.011279
v -0.109865 0.299996 -0.056745
v -0.092767 0.275233 -0.039472
v 0.007880 0.302677 -0.063297
v -0.069973 0.298874 -0.068166
v -0.035345 0.257212 -0.056474
v 0.052799 0.230262 -0.047846
v 0.018493 0.252118 -0.058682
v 0.017775 0.217910 -0.051203
v -0.051412 0.127113 -0.001892
v 0.021051 0.170325 -0.040874
v 0.043394 0.205453 -0.041751
v 0.087171 0.211549 -0.026329
v 0.021381 0.137468 -0.022261
v -0.051254 0.100978 0.002244
v 0.018420 0.264637 0.093023
v 0.028994 0.296005 0.037407
v 0.048280 0.300019 0.034449
v 0.040429 0.293095 0.039653
v 0.050899 0.306213 0.039723
v 0.024183 0.290664 0.052873
v 0.027084 0.286607 0.049597
v 0.033480 0.280559 0.055843
v 0.017681 0.300502 0.050977
v 0.009264 0.299899 0.056249
v 0.019855 0.312967 0.045310
v 0.047841 0.320210 0.036111
v 0.058876 0.316293 0.026010
v 0.056651 0.301888 0.032049
v 0.039415 0.273874 0.053332
v 0.030022 0.256032 0.082448
v 0.066543 0.305174 0.012845
v 0.059473 0.318214 0.016303
v 0.012554 0.337220 0.027883
v 0.033503 0.327707 0.039572
v 0.055917 0.328924 0.017830
v 0.019429 0.360691 0.001566
v 0.035248 0.344135 0.018289
v 0.048766 0.241869 0.040982
v 0.015323 0.229242 0.093523
v 0.007883 0.250878 0.086419
v 0.011109 0.256253 0.087049
v 0.043458 0.211607 0.049979
v 0.061443 0.253855 0.027938
v 0.045569 0.209682 0.039663
v 0.028446 0.198127 0.048425
v 0.027228 0.202099 0.068003
v 0.021932 0.190874 0.064145
v 0.012862 0.185603 0.064746
v 0.025808 0.193975 0.020815
v -0.002569 0.190427 0.026278
v -0.006527 0.274252 0.090328
v -0.020486 0.302324 0.049436
v -0.046844 0.303527 0.037045
v -0.029141 0.297235 0.037106
v -0.052050 0.299710 0.035824
v -0.023681 0.289371 0.054273
v -0.008259 0.309022 0.045719
v -0.014865 0.321585 0.041479
v -0.060541 0.292237 0.037428
v -0.030684 0.261722 0.070458
v -0.038630 0.277455 0.053392
v -0.021336 0.276446 0.069393
v -0.029889 0.261920 0.082108
v -0.065292 0.294881 0.019798
v -0.011263 0.342611 0.022721
v -0.058203 0.319441 0.025722
v -0.060404 0.317916 0.014497
v -0.054411 0.331730 0.016205
v -0.051009 0.239572 0.035992
v -0.011537 0.255876 0.096948
v -0.005229 0.251002 0.099777
v -0.010937 0.255982 0.086711
v -0.006714 0.251855 0.085886
v -0.012776 0.220093 0.088374
v -0.025591 0.212362 0.067521
v -0.008566 0.200978 0.084441
v -0.012059 0.191518 0.078254
v -0.024973 0.204268 0.075106
v -0.030847 0.198778 0.041647
v -0.025772 0.193739 0.044575
v -0.031155 0.194763 0.029665
v -0.027628 0.192866 0.036434
v -0.045746 0.295167 0.038349
v 0.056473 0.371057 0.002628
v 0.050103 0.350292 0.005581
v 0.092533 0.343610 -0.015024
v 0.107633 0.359477 -0.000468
v 0.055826 0.356738 0.002099
v 0.086151 0.351248 0.007916
v 0.111655 0.345447 -0.002478
v 0.094849 0.365575 -0.001678
v 0.054369 0.339006 0.013379
v 0.057148 0.323254 0.015642
v 0.068748 0.324649 0.017174
v 0.065061 0.312374 0.014359
v 0.063317 0.316563 0.013360
v 0.074386 0.322115 0.018192
v 0.086393 0.333610 0.007867
v 0.086740 0.327669 0.008660
v 0.078949 0.328942 0.017051
v 0.070723 0.338503 0.019608
v 0.068744 0.347224 0.019041
v 0.100341 0.319754 0.019419
v 0.097708 0.323682 -0.001600
v 0.077726 0.308792 0.015695
v 0.115911 0.305601 0.027056
v 0.138802 0.275604 0.008371
v 0.104459 0.324120 0.001711
v 0.093881 0.327535 -0.005902
v 0.088013 0.369302 -0.007240
v 0.081788 0.361764 0.001719
v 0.111510 0.359581 -0.013305
v 0.106842 0.364081 -0.023180
v 0.117878 0.332458 -0.010977
v 0.115444 0.347297 -0.011171
v 0.111959 0.347129 -0.034185
v 0.118962 0.325851 0.003261
v 0.128809 0.306193 0.008478
v 0.144697 0.299564 -0.016054
v 0.101440 0.293225 0.022172
v 0.112673 0.280604 0.026085
v 0.133850 0.252239 0.017990
v 0.089956 0.284126 0.033784
v 0.094926 0.289801 0.020280
v 0.119206 0.245438 0.025047
v 0.127245 0.259583 0.038525
v 0.114847 0.254159 0.030448
v 0.122778 0.249377 0.039117
v 0.122084 0.254886 0.034963
v 0.098315 0.249318 0.031506
v 0.072306 0.277616 0.020315
v 0.067333 0.246955 0.030503
v 0.076799 0.239820 0.034732
v 0.085424 0.264613 0.021880
v 0.096890 0.249072 0.022473
v 0.101635 0.234471 0.031899
v 0.097672 0.218720 0.033372
v 0.115300 0.172668 0.021932
v 0.082905 0.206698 0.030819
v 0.062037 0.227330 0.033102
v 0.087541 0.201762 0.036265
v 0.079495 0.207913 0.023487
v 0.085149 0.191658 0.029124
v 0.064694 0.196450 0.026021
v 0.101541 0.170814 0.015785
v 0.114359 0.146907 0.005454
v 0.111042 0.141813 0.026874
v 0.108010 0.145723 -0.010105
v 0.111732 0.124773 0.018733
v 0.100974 0.118590 0.006438
v 0.078112 0.106115 0.014731
v 0.084886 0.108369 0.012242
v 0.068055 0.167210 0.043211
v 0.084491 0.163096 0.030039
v 0.077665 0.189457 0.030602
v 0.065850 0.201638 0.046379
v 0.058770 0.226482 0.018248
v 0.053722 0.207165 0.029633
v 0.055452 0.189829 0.036901
v 0.077017 0.181932 0.034702
v 0.080082 0.174059 0.041323
v 0.098517 0.120676 0.018866
v 0.073521 0.176759 0.047500
v 0.078220 0.131474 0.033035
v 0.028241 0.189740 0.015209
v 0.018347 0.163933 0.042919
v 0.012988 0.139871 0.051341
v 0.009693 0.138103 0.039564
v 0.015696 0.170899 0.023833
v 0.004200 0.170581 0.010918
v 0.009996 0.147455 0.032938
v 0.044979 0.161945 0.037809
v 0.040190 0.185479 0.033986
v 0.040084 0.153852 0.042773
v 0.027203 0.145275 0.047403
v 0.027489 0.134172 0.039787
v 0.033543 0.141781 0.044512
v 0.054171 0.129870 0.045261
v 0.062902 0.149120 0.048696
v 0.066055 0.182197 0.046278
v 0.121672 0.191245 0.028366
v 0.116821 0.169204 0.014118
v 0.123852 0.179023 0.018383
v 0.159113 0.290090 -0.025902
v 0.154777 0.280234 -0.009148
v 0.149618 0.263095 0.004850
v 0.143333 0.250797 -0.004036
v 0.138681 0.215616 -0.003345
v 0.144073 0.203843 0.003100
v 0.118075 0.211330 0.015095
v 0.136850 0.240051 -0.004530
v 0.154931 0.275433 -0.015974
v 0.154039 0.284506 -0.031760
v 0.144443 0.273313 -0.012219
v 0.120596 0.169396 0.011133
v 0.113574 0.159889 0.007588
v 0.036867 0.127152 0.045765
v 0.061505 0.127364 0.046262
v 0.043765 0.108790 0.045987
v 0.051243 0.119791 0.049011
v 0.074249 0.112849 0.025266
v 0.096105 0.133647 0.015066
v 0.075500 0.129555 0.032964
v -0.000200 0.157943 0.031895
v -0.001419 0.123547 0.044385
v 0.066607 0.373485 -0.003343
v 0.007654 0.380895 -0.000509
v -0.007745 0.376542 0.009268
v 0.041495 0.370102 -0.003208
v -0.001885 0.400590 -0.005443
v 0.018892 0.373014 0.000425
v 0.028866 0.404229 -0.023301
v 0.017144 0.398179 -0.008904
v 0.029993 0.412365 -0.040419
v 0.011616 0.409812 -0.024759
v 0.051723 0.380710 -0.009678
v 0.055493 0.400776 -0.009570
v 0.040030 0.401762 -0.009703
v 0.059067 0.405370 -0.038102
v 0.062120 0.390193 -0.002934
v 0.037521 0.388695 0.001716
v 0.072412 0.385148 -0.010401
v 0.086725 0.396022 -0.019131
v 0.088277 0.390315 -0.009027
v 0.115292 0.366818 -0.044230
v 0.094787 0.376809 -0.055334
v 0.093997 0.349941 -0.070950
v 0.108872 0.360912 -0.042525
v 0.123178 0.311704 -0.039805
v 0.134170 0.296976 -0.036330
v -0.043838 0.373771 0.002003
v -0.031035 0.395481 -0.008025
v -0.007226 0.417865 -0.017119
v -0.011677 0.418585 -0.041018
v 0.005079 0.435773 -0.055244
v 0.009537 0.420946 -0.044301
v 0.004113 0.409233 -0.049315
v 0.016821 0.410920 -0.044084
v -0.015397 0.398454 -0.015448
v -0.009719 0.391955 -0.001714
v -0.073376 0.413932 -0.065033
v -0.045424 0.389605 0.001149
v -0.073890 0.391962 -0.025920
v -0.054980 0.409451 -0.013645
v -0.032798 0.418479 -0.026852
v -0.043570 0.412795 -0.045551
v -0.046680 0.418180 -0.043689
v -0.030789 0.424856 -0.044462
v 0.028857 0.397311 -0.010206
v -0.075357 0.403626 -0.032514
v -0.073987 0.413295 -0.040453
v -0.051936 0.411676 -0.034774
v -0.045592 0.405973 -0.045116
v -0.057376 0.403957 -0.052185
v -0.077240 0.398788 -0.074549
v -0.069342 0.394506 -0.046387
v -0.059752 0.396965 -0.050538
v -0.084351 0.387661 -0.040657
v -0.071375 0.390151 -0.017478
v -0.072829 0.394064 -0.039292
v -0.073718 0.392255 -0.058545
v -0.084649 0.369059 -0.063308
v -0.049526 0.412638 -0.053728
v -0.049912 0.420520 -0.046997
v -0.018402 0.409543 -0.051904
v -0.006614 0.396519 -0.057438
v -0.018829 0.395914 -0.004209
v -0.102971 0.376802 -0.028510
v -0.114183 0.379364 -0.052349
v -0.063945 0.357603 -0.002185
v -0.069880 0.360128 -0.006507
v -0.095872 0.366949 -0.002587
v -0.084295 0.366627 -0.013179
v -0.105704 0.364185 -0.033355
v -0.109987 0.356897 -0.030406
v -0.110155 0.354345 -0.009793
v -0.098494 0.355497 -0.007215
v -0.106901 0.364375 -0.002753
v -0.111286 0.353905 -0.002563
v -0.111990 0.340810 -0.002611
v -0.113642 0.344609 -0.019125
v -0.113828 0.342477 -0.010571
v -0.055483 0.345040 0.006029
v -0.060152 0.324891 0.012257
v -0.100468 0.326442 0.009674
v -0.123088 0.325929 0.014342
v -0.084629 0.335159 0.017269
v -0.097228 0.341990 -0.008044
v -0.123231 0.338421 0.007362
v -0.115392 0.331317 -0.020593
v -0.118607 0.328526 -0.009782
v -0.126974 0.351901 -0.032056
v -0.083973 0.324395 0.019040
v -0.106636 0.313334 0.022808
v -0.142713 0.320285 -0.021562
v -0.128155 0.326596 -0.031674
v -0.136470 0.331139 -0.060440
v -0.143165 0.305203 -0.018336
v -0.097125 0.297813 0.012165
v -0.107786 0.306663 0.022271
v -0.128473 0.298889 0.015930
v -0.151312 0.309756 -0.014317
v -0.153015 0.299299 -0.040725
v -0.158235 0.289660 -0.033630
v -0.138602 0.301002 -0.021685
v -0.152652 0.286736 -0.033577
v -0.141916 0.295462 -0.038905
v -0.133386 0.304775 -0.039440
v -0.126334 0.351247 -0.047362
v -0.113592 0.354132 -0.053792
v -0.109907 0.356990 -0.071420
v -0.090899 0.360027 -0.075288
v -0.154384 0.277582 -0.001134
v -0.125335 0.281513 0.020258
v -0.154504 0.284523 -0.008959
v -0.137267 0.292820 -0.003510
v -0.136262 0.288488 -0.016484
v -0.160006 0.275084 -0.016895
v -0.146571 0.282895 -0.018448
v -0.136352 0.298441 -0.003732
v -0.132364 0.294709 -0.019514
v -0.121342 0.298348 -0.026261
v -0.134497 0.263856 -0.007593
v -0.159448 0.264006 -0.013826
v -0.145271 0.266857 0.005152
v -0.144676 0.262333 0.005830
v -0.160565 0.263673 -0.009228
v -0.127367 0.267263 0.020932
v -0.138723 0.273724 -0.014884
v -0.138827 0.265448 -0.000454
v -0.113706 0.280724 0.030853
v -0.119266 0.272714 0.041584
v -0.114026 0.247890 0.031861
v -0.135996 0.244755 0.018781
v -0.126005 0.263245 0.036897
v -0.155124 0.226663 0.008351
v -0.137752 0.237170 0.021628
v -0.147831 0.217403 0.018076
v -0.079974 0.273196 0.029510
v -0.113417 0.267058 0.042014
v -0.116155 0.255477 0.040071
v -0.145930 0.208034 0.000324
v -0.107054 0.252326 0.034765
v -0.108781 0.240333 0.041942
v -0.071606 0.260668 0.023747
v -0.101150 0.243444 0.041484
v -0.112712 0.211196 0.040589
v -0.136939 0.216888 0.019415
v -0.120256 0.234450 0.026482
v -0.128978 0.221483 0.021068
v -0.096624 0.224931 0.041442
v -0.095889 0.238187 0.031374
v -0.090614 0.218246 0.032589
v -0.118964 0.200391 0.024451
v -0.135269 0.203698 0.015060
v -0.074965 0.227103 0.019232
v -0.088385 0.195013 0.030585
v -0.101890 0.192039 0.029290
v -0.123604 0.189203 0.015667
v -0.037994 0.139191 0.048676
v -0.039200 0.149615 0.040091
v -0.030982 0.193063 0.019218
v -0.032007 0.179782 0.026484
v -0.030077 0.158345 0.044166
v -0.027806 0.157385 0.041373
v -0.034627 0.134071 0.045459
v -0.040161 0.134517 0.046873
v -0.058127 0.200028 0.021153
v -0.069116 0.197528 0.025553
v -0.069007 0.160859 0.043701
v -0.155135 0.225771 0.000709
v -0.153690 0.218932 -0.005205
v -0.156547 0.195177 -0.004354
v -0.141060 0.234162 0.007299
v -0.141093 0.209290 -0.004176
v -0.084757 0.148168 0.027857
v -0.078602 0.125900 0.026737
v -0.082101 0.123761 0.018082
v -0.089728 0.122818 0.013596
v -0.081867 0.107719 0.001282
v -0.077966 0.102369 0.009744
v -0.102516 0.159024 0.017311
v -0.117609 0.170288 0.012094
v -0.117291 0.161598 0.015175
v -0.124262 0.157417 0.006769
v -0.111286 0.157284 0.007635
v -0.108241 0.138435 0.018722
v -0.093914 0.126499 0.007755
v -0.101525 0.132547 -0.000312
v -0.079549 0.115720 -0.007469
v -0.075688 0.104049 0.024194
v -0.053060 0.107250 0.034932
v -0.065005 0.092830 0.016253
v -0.071940 0.097708 0.012078
v -0.000847 0.135574 -0.022618
v -0.029485 0.131957 0.050986
v -0.044642 0.106667 0.038397
v -0.026383 0.142320 0.040073
v -0.020320 0.147805 0.032041
v -0.016815 0.143218 0.039567
v -0.025925 0.135489 0.040584
v -0.043090 0.099776 0.041359
v -0.035976 0.093456 0.045457
v -0.028652 0.107797 0.041014
v -0.010796 0.098575 0.043022
v 0.001719 0.087818 0.050132
v -0.002386 0.091197 0.044760
v -0.005108 0.063341 0.027656
v -0.025154 0.080580 0.039559
v -0.028847 0.082960 0.034923
v -0.052951 0.061859 0.019191
v -0.027347 0.048435 0.013662
v 0.027181 0.100075 0.041990
v 0.008033 0.057953 0.023712
v 0.033536 0.080442 0.040236
v 0.020729 0.058643 0.020152
v 0.058278 0.091549 0.028517
v 0.063618 0.104934 0.024816
v -0.125094 0.168869 -0.005746
v -0.084229 0.359013 -0.066823
v -0.080583 0.354512 -0.087694
v -0.087709 0.340270 -0.075196
v 0.001282 0.359939 -0.075576
v 0.037652 0.375158 -0.066980
v 0.080785 0.327099 -0.073309
v 0.052752 0.342710 -0.067520
v 0.092196 0.301010 -0.059631
v 0.137427 0.274275 -0.021327
v 0.117610 0.165708 -0.014490
v 0.058815 0.174722 -0.029053
v 0.038130 0.064594 0.003161
v -0.044678 0.061475 0.008365
v -0.042877 0.065410 0.003671
v -0.090474 0.119551 -0.008629
v -0.132277 0.190830 -0.002343
v -0.115682 0.228172 -0.007082
v -0.104874 0.273660 -0.024531
v -0.090186 0.242747 -0.034820
v -0.092351 0.224766 -0.023914
v -0.074418 0.237955 -0.042170
v -0.078829 0.196704 -0.022695
v -0.041721 0.227745 -0.046817
v -0.051226 0.201624 -0.036476
v -0.014888 0.337456 -0.075840
v -0.042776 0.331292 -0.070211
v -0.023176 0.313667 -0.064107
v -0.043506 0.294441 -0.065432
v -0.065300 0.274702 -0.055336
v -0.017213 0.297406 -0.066309
v 0.008831 0.280467 -0.065960
v 0.083177 0.272522 -0.044341
v 0.032649 0.268263 -0.062888
v -0.006135 0.238057 -0.053795
v -0.069640 0.164813 -0.020178
v 0.075563 0.226492 -0.032395
v 0.099404 0.158552 -0.017519
v 0.069423 0.145046 -0.005291
v -0.026485 0.044777 0.005481
v 0.099425 0.389764 -0.020689
v -0.035713 0.423009 -0.050319
v 0.034868 0.305241 0.043585
v 0.028839 0.293507 0.044206
v 0.030482 0.307297 0.045235
v 0.022342 0.276667 0.068391
v 0.012932 0.323140 0.041031
v 0.005580 0.250449 0.099362
v 0.024523 0.212904 0.068918
v -0.033941 0.304542 0.040865
v -0.033056 0.281449 0.054904
v -0.043028 0.259128 0.049905
v -0.040713 0.224878 0.076398
v -0.001658 0.239080 0.093745
v -0.026618 0.249952 0.087282
v 0.087308 0.351673 -0.010305
v 0.085464 0.343542 0.012585
v 0.069723 0.355870 0.001900
v 0.090089 0.314990 0.025561
v 0.125158 0.287387 0.022524
v 0.129943 0.315080 -0.009613
v 0.119372 0.269308 0.025759
v 0.102181 0.213674 0.036740
v 0.110080 0.138504 0.004137
v 0.112704 0.132864 0.016779
v 0.036183 0.200317 0.029878
v 0.020382 0.159029 0.051071
v 0.026136 0.176179 0.028781
v 0.114018 0.209735 0.023725
v 0.129867 0.227064 0.008199
v 0.131232 0.210318 0.014056
v 0.154684 0.281731 -0.020286
v 0.083112 0.120781 0.022216
v 0.010666 0.433330 -0.046802
v 0.064088 0.397980 -0.015995
v 0.083621 0.377180 0.000893
v -0.001956 0.429023 -0.051813
v 0.071406 0.394746 -0.041248
v -0.060493 0.397892 -0.017280
v -0.026274 0.421704 -0.030417
v 0.050781 0.401866 -0.049280
v 0.044723 0.394117 -0.053186
v -0.027038 0.389401 0.002915
v -0.087363 0.360563 -0.097105
v -0.047464 0.360796 0.001426
v -0.095708 0.366881 -0.012337
v -0.089086 0.341908 0.008058
v -0.116617 0.327531 0.007645
v -0.124423 0.326266 -0.004084
v -0.133648 0.350230 -0.049449
v -0.128939 0.332467 -0.043021
v -0.125943 0.305806 0.010622
v -0.138274 0.304408 -0.002336
v -0.128289 0.341417 -0.050507
v -0.111657 0.358964 -0.051102
v -0.075588 0.300132 0.008528
v -0.157038 0.271821 -0.019313
v -0.118509 0.227818 0.031994
v -0.100935 0.204752 0.031959
v -0.125087 0.203443 0.023003
v -0.140170 0.240106 0.014913
v -0.154400 0.208868 -0.007484
v -0.122833 0.212220 -0.007913
v -0.152287 0.246878 0.003865
v -0.147379 0.254828 -0.001433
v -0.146860 0.244763 -0.003480
v -0.087274 0.186381 0.037220
v -0.085665 0.177775 0.034739
v -0.093311 0.165860 0.028528
v -0.011587 0.130721 0.049820
v -0.014873 0.122042 0.049734
v -0.004923 0.112332 0.045715
v 0.000935 0.048488 0.036487
v -0.002741 0.077117 0.036336
v -0.042529 0.071060 0.023088
v -0.058828 0.083004 0.021473
v -0.042093 0.063230 0.014073
v -0.028849 0.072356 0.034011
v 0.022786 0.044853 0.015618
v 0.031158 0.090742 0.045405
v 0.030920 0.049999 0.011186
v 0.133026 0.211436 -0.011837
v 0.071015 0.113909 0.003809
v 0.019442 0.040745 0.001541
v -0.011347 0.036728 0.001206
v -0.123616 0.190821 -0.006915
v -0.132080 0.242371 -0.004878
v -0.087667 0.289800 -0.055373
v 0.036519 0.307280 -0.062190
v -0.011591 0.270737 -0.065407
v -0.047971 0.171990 -0.026622
v -0.013071 0.178446 -0.044611
v 0.105158 0.193398 -0.020096
v -0.003066 0.052486 -0.010054
v 0.000242 0.039122 -0.072814
v -0.051498 0.039178 -0.051488
v -0.072773 0.039165 0.000389
v -0.051578 0.039099 0.051618
v -0.000246 0.039158 0.072797
v 0.051750 0.039037 0.051534
v 0.072758 0.039177 0.000158
v 0.051494 0.039084 -0.051695
v -0.099880 0.037913 0.099788
v 0.099788 0.037913 0.099880
v -0.099788 0.037913 -0.099880
v 0.099880 0.037913 -0.099788
v -0.101998 0.030692 0.101411
v 0.101411 0.030692 0.101998
v -0.101411 0.030692 -0.101998
v 0.101998 0.030692 -0.101411
v -0.103027 0.000260 0.103101
v 0.103086 0.000201 0.103005
v -0.103086 0.000201 -0.103005
v 0.103027 0.000260 -0.103101
vn 0.3771 0.0941 0.9214
vn 0.1320 0.7195 0.6819
vn -0.0179 0.0918 0.9956
vn 0.4733 0.6739 0.5673
vn 0.3720 0.7235 0.5815
vn -0.0181 0.7527 0.6581
vn 0.6984 -0.5430 0.4662
vn 0.3338 -0.6222 0.7082
vn 0.6369 0.0899 0.7657
vn 0.5711 0.4414 0.6921
vn 0.2249 -0.5247 0.8211
vn 0.0565 0.6515 0.7565
vn 0.1091 0.6611 0.7423
vn 0.2622 -0.0589 0.9632
vn 0.5038 -0.1182 0.8557
vn 0.5432 -0.6483 0.5335
vn 0.8155 0.2223 0.5343
vn 0.0470 -0.1213 0.9915
vn 0.7482 0.4276 0.5073
vn 0.4979 0.3871 0.7761
vn 0.0471 0.7034 0.7092
vn 0.1816 0.0567 0.9817
vn 0.0266 0.4426 0.8963
vn -0.0001 0.6188 0.7856
vn 0.1698 0.5855 0.7927
vn 0.5353 0.4664 0.7042
vn 0.9184 0.1958 0.3439
vn 0.5383 0.5424 0.6450
vn 0.6116 0.1585 0.7752
vn 0.8088 0.0564 0.5853
vn 0.3465 -0.0603 0.9361
vn 0.4405 0.5986 0.6690
vn 0.5699 0.6442 0.5101
vn 0.7242 0.5418 0.4266
vn 0.8018 0.1220 0.5850
vn 0.2479 0.0889 0.9647
vn 0.8834 0.2892 0.3687
vn 0.4762 -0.0269 0.8789
vn 0.7086 0.0735 0.7018
vn 0.4071 0.1163 0.9060
vn -0.2192 0.6931 0.6867
vn -0.0327 0.5680 0.8224
vn 0.0106 0.7097 0.7044
vn 0.3197 0.3520 0.8797
vn 0.2263 0.6952 0.6823
vn -0.0236 0.4532 0.8911
vn -0.0426 0.6065 0.7940
vn 0.0750 0.1629 0.9838
vn 0.2683 0.2042 0.9414
vn 0.5959 0.0215 0.8028
vn 0.9060 -0.0501 0.4202
vn 0.8687 -0.1785 0.4620
vn 0.3936 -0.1409 0.9084
vn 0.0412 -0.2516 0.9670
vn 0.4192 -0.7239 0.5480
vn 0.3725 0.0142 0.9279
vn 0.3962 -0.4782 0.7838
vn -0.0314 -0.3888 0.9208
vn -0.1848 -0.5956 0.7818
vn 0.2660 0.3539 0.8967
vn 0.8873 0.1486 0.4367
vn 0.2199 -0.0514 0.9742
vn 0.4364 -0.8493 0.2969
vn 0.5981 0.0975 0.7955
vn 0.1878 -0.7939 0.5783
vn -0.2685 -0.6990 0.6628
vn 0.5835 -0.7873 0.1991
vn 0.7287 -0.6708 0.1377
vn 0.7759 -0.3015 0.5541
vn 0.9626 -0.1402 0.2320
vn 0.3340 -0.2351 0.9128
vn 0.5553 0.0207 0.8314
vn -0.1475 -0.4934 0.8572
vn 0.6385 -0.5488 0.5396
vn 0.1105 -0.2387 0.9648
vn 0.4710 -0.8082 0.3535
vn -0.3365 -0.4751 0.8131
vn -0.1511 0.5748 0.8042
vn 0.6490 0.3350 0.6831
vn 0.2411 -0.0365 0.9698
vn 0.5632 -0.4435 0.6972
vn 0.9184 -0.1975 0.3428
vn 0.8919 -0.1983 0.4065
vn 0.6884 -0.6773 0.2597
vn 0.7688 -0.6183 0.1632
vn -0.1907 -0.6957 0.6925
vn 0.3686 -0.9286 -0.0424
vn 0.0808 -0.5366 0.8400
vn 0.0263 -0.9371 0.3480
vn 0.2838 -0.9521 0.1140
vn 0.4287 -0.9007 -0.0698
vn 0.6741 -0.6692 0.3126
vn 0.2602 -0.0589 0.9637
vn -0.0701 -0.9423 0.3273
vn -0.0066 -0.9685 -0.2489
vn -0.1230 -0.9539 0.2738
vn -0.0728 -0.1418 0.9872
vn -0.4531 0.1190 0.8835
vn -0.1777 0.7512 0.6357
vn -0.8618 -0.0804 0.5008
vn -0.3522 -0.5901 0.7264
vn -0.5861 0.0066 0.8102
vn -0.3649 0.1603 0.9171
vn -0.2777 0.9432 -0.1822
vn -0.2940 -0.1241 0.9477
vn -0.5567 -0.1014 0.8245
vn -0.0419 0.7059 0.7071
vn -0.6034 0.6060 0.5183
vn -0.0927 0.6863 0.7214
vn 0.0650 0.5796 0.8123
vn -0.7597 0.2706 0.5914
vn -0.7082 0.4070 0.5768
vn -0.5525 0.5365 0.6379
vn -0.7017 0.4613 0.5429
vn -0.3467 0.4707 0.8113
vn -0.1907 0.6941 0.6942
vn 0.1063 0.6048 0.7893
vn 0.1721 0.5051 0.8457
vn -0.8465 0.3308 0.4172
vn -0.6298 0.1149 0.7682
vn -0.4127 0.3319 0.8483
vn -0.7745 -0.1378 0.6173
vn -0.4255 0.7166 0.5527
vn -0.5250 0.6518 0.5473
vn -0.6631 0.5814 0.4714
vn -0.8812 0.2488 0.4020
vn -0.7744 0.1868 0.6044
vn -0.8848 0.2922 0.3630
vn -0.8235 0.0247 0.5667
vn -0.4684 0.2565 0.8455
vn -0.4095 0.1470 0.9004
vn 0.2301 0.7049 0.6709
vn -0.2299 0.7170 0.6581
vn -0.1312 0.6244 0.7700
vn -0.3869 0.4728 0.7917
vn -0.4491 0.1955 0.8718
vn -0.5020 0.3027 0.8101
vn -0.0892 0.5406 0.8366
vn 0.0021 0.5102 0.8601
vn -0.5950 0.4278 0.6804
vn -0.0084 0.3288 0.9444
vn -0.4953 0.3530 0.7938
vn -0.3923 -0.7178 0.5752
vn -0.8600 -0.1935 0.4722
vn -0.6701 -0.6915 0.2696
vn 0.0058 -0.2102 0.9776
vn -0.4416 -0.0870 0.8930
vn 0.1762 -0.7536 0.6333
vn -0.0915 0.3768 0.9218
vn -0.5522 -0.2516 0.7948
vn -0.2291 -0.0294 0.9730
vn -0.5324 -0.7736 0.3435
vn -0.3600 -0.4684 0.8069
vn -0.6657 -0.0502 0.7446
vn -0.1835 -0.8327 0.5224
vn -0.8965 -0.4350 0.0842
vn -0.9598 -0.2640 0.0957
vn -0.7119 -0.2635 0.6510
vn -0.9137 -0.1416 0.3808
vn -0.2388 -0.5109 0.8258
vn -0.1484 -0.2670 0.9522
vn -0.6918 -0.4733 0.5454
vn -0.6633 -0.7389 0.1187
vn -0.7776 -0.0183 0.6285
vn -0.3062 -0.1956 0.9317
vn -0.4247 -0.6134 0.6659
vn -0.5896 -0.5616 0.5805
vn -0.8442 -0.4490 0.2928
vn -0.8813 -0.4568 0.1206
vn -0.6837 -0.7016 0.2007
vn -0.4658 -0.8813 0.0794
vn -0.8477 -0.5016 0.1730
vn -0.5051 -0.8628 0.0188
vn -0.6672 -0.2748 0.6924
vn -0.4880 -0.8720 0.0374
vn 0.2152 -0.5835 0.7830
vn -0.0661 -0.9861 -0.1521
vn -0.0160 0.5216 0.8530
vn -0.3209 0.6296 0.7075
vn 0.4789 0.1443 0.8659
vn 0.3393 0.8235 0.4547
vn 0.2133 0.5812 0.7853
vn 0.6973 0.6350 0.3324
vn 0.5242 0.6553 0.5439
vn 0.5480 -0.2023 0.8116
vn 0.4072 0.1633 0.8986
vn 0.0880 -0.0470 0.9950
vn -0.0262 0.2817 0.9591
vn -0.6196 -0.1336 0.7735
vn 0.0994 0.6039 0.7909
vn -0.0484 0.4353 0.8990
vn 0.8190 0.3087 0.4837
vn -0.3885 0.5567 0.7342
vn -0.2795 -0.0305 0.9597
vn 0.8584 0.3868 0.3368
vn 0.4616 -0.1399 0.8760
vn -0.0044 0.5947 0.8039
vn -0.0652 0.4359 0.8976
vn -0.1578 0.2481 0.9558
vn 0.0413 0.1359 0.9899
vn 0.0904 -0.2815 0.9553
vn 0.7479 0.1430 0.6483
vn 0.2348 -0.1336 0.9628
vn -0.2805 0.1625 0.9460
vn 0.8582 -0.1560 0.4891
vn 0.6699 0.2637 0.6940
vn 0.7262 -0.3397 0.5977
vn 0.8995 -0.2699 0.3435
vn 0.5880 -0.2033 0.7829
vn 0.0794 -0.4080 0.9095
vn 0.2269 0.1474 0.9627
vn 0.1629 0.3996 0.9021
vn -0.0831 0.9079 0.4109
vn 0.7238 0.6417 0.2536
vn 0.1271 -0.1248 0.9840
vn -0.3152 0.1345 0.9395
vn 0.1813 0.6250 0.7593
vn -0.2484 -0.8433 0.4767
vn -0.0655 -0.1126 0.9915
vn 0.0494 0.2453 0.9682
vn -0.0492 0.7275 0.6844
vn -0.3139 0.5934 0.7412
vn 0.1687 0.4667 0.8682
vn -0.5115 -0.0865 0.8549
vn -0.6188 -0.4681 0.6309
vn 0.3261 0.3151 0.8913
vn -0.3943 -0.4059 0.8244
vn 0.6728 0.0930 0.7339
vn 0.2501 -0.5737 0.7799
vn 0.7215 0.1253 0.6810
vn 0.0850 -0.4590 0.8843
vn 0.7589 0.5235 0.3873
vn 0.3058 0.8869 0.3463
vn 0.5179 0.5637 0.6434
vn 0.3510 0.8446 0.4043
vn 0.8523 0.3357 0.4012
vn 0.7658 0.3510 0.5387
vn -0.1478 0.7421 0.6538
vn 0.8775 0.0427 0.4777
vn 0.3699 0.7443 0.5560
vn 0.5376 0.8429 0.0214
vn 0.9581 0.2530 -0.1346
vn 0.7287 0.0549 0.6826
vn 0.8400 0.1913 0.5077
vn 0.8533 -0.0730 0.5163
vn 0.6454 -0.0798 0.7596
vn 0.9473 0.0216 0.3196
vn 0.7639 0.6439 -0.0428
vn 0.9666 0.1932 -0.1686
vn 0.9431 0.2327 0.2375
vn 0.4568 0.5020 0.7344
vn 0.4617 0.6470 0.6068
vn 0.8444 0.5152 0.1469
vn 0.7398 0.6727 -0.0135
vn 0.6498 -0.0722 0.7567
vn 0.2411 0.8089 0.5362
vn 0.0978 0.9226 0.3731
vn 0.6754 0.2804 0.6821
vn 0.7136 0.3737 0.5926
vn 0.7724 0.3132 0.5525
vn 0.7963 0.1523 0.5855
vn 0.9165 0.1090 0.3849
vn 0.9352 0.3538 0.0134
vn 0.8663 0.4739 0.1578
vn 0.8878 0.1336 -0.4404
vn 0.8080 0.5127 -0.2902
vn 0.6943 0.5807 0.4253
vn 0.6974 0.7130 0.0725
vn 0.6913 0.6938 -0.2018
vn -0.5824 -0.5452 0.6030
vn -0.3940 -0.3190 0.8620
vn 0.6691 -0.2456 0.7014
vn 0.0525 0.5304 0.8461
vn 0.3605 0.4162 0.8348
vn 0.2840 -0.0631 0.9567
vn 0.7148 0.4709 0.5170
vn 0.1705 0.3194 0.9322
vn 0.5444 0.6343 -0.5489
vn -0.0681 0.5264 0.8475
vn -0.7189 -0.4109 0.5607
vn -0.2300 -0.7097 0.6659
vn 0.5008 -0.6065 0.6176
vn 0.6895 -0.1982 0.6967
vn 0.4461 -0.1324 0.8851
vn 0.5511 -0.0788 0.8307
vn 0.9000 -0.2289 -0.3710
vn 0.5660 0.7950 0.2185
vn 0.6123 -0.7890 0.0507
vn -0.6864 -0.6879 0.2360
vn -0.7621 -0.5955 0.2542
vn -0.6919 -0.6917 0.2069
vn -0.3115 -0.4473 0.8384
vn 0.0298 -0.0422 0.9987
vn 0.3022 0.2243 0.9265
vn 0.2866 0.2903 0.9130
vn 0.7619 0.1796 0.6223
vn -0.1232 0.3422 0.9315
vn 0.1981 -0.3480 0.9163
vn 0.1217 0.1688 0.9781
vn -0.6060 -0.1015 0.7890
vn 0.1189 -0.0840 0.9893
vn -0.4391 0.3151 0.8414
vn -0.0196 0.0821 0.9964
vn 0.2331 0.4969 0.8359
vn -0.5620 -0.0349 0.8264
vn -0.2485 0.6254 0.7397
vn 0.0230 -0.6620 0.7492
vn -0.2272 -0.3882 0.8931
vn 0.6008 -0.1678 0.7816
vn -0.1120 -0.6658 0.7377
vn 0.1462 -0.3207 0.9358
vn 0.0509 0.3807 0.9233
vn 0.1796 -0.0829 0.9802
vn -0.5782 -0.1182 0.8073
vn -0.1404 0.1959 0.9705
vn -0.0308 -0.2864 0.9576
vn -0.4040 0.0313 0.9142
vn 0.0626 0.3068 0.9497
vn -0.6479 0.1000 0.7552
vn -0.1231 0.0400 0.9916
vn 0.3739 -0.0292 0.9270
vn -0.3454 -0.1284 0.9296
vn 0.7996 -0.0865 0.5942
vn -0.7199 0.2242 0.6569
vn -0.1554 0.2847 0.9459
vn -0.6310 -0.4201 0.6522
vn -0.3145 -0.6422 0.6991
vn 0.5707 -0.7142 0.4052
vn 0.7409 -0.1846 0.6457
vn 1.0000 -0.0007 0.0033
vn 0.8971 0.2546 0.3612
vn 0.2061 0.2261 0.9520
vn -0.8246 0.0863 0.5591
vn -0.3745 0.0055 0.9272
vn -0.2046 0.1594 0.9658
vn 0.8063 -0.0349 0.5904
vn -0.2965 0.8505 0.4345
vn 0.5035 0.8439 0.1854
vn 0.1081 -0.1137 0.9876
vn 0.8962 0.3484 0.2746
vn 0.9349 0.2127 0.2840
vn -0.3681 -0.0359 0.9291
vn -0.1920 -0.0320 0.9809
vn -0.2692 0.3620 0.8925
vn 0.9959 -0.0753 0.0498
vn 0.8478 0.5254 -0.0715
vn 0.9741 0.1752 -0.1432
vn 0.8963 0.4201 -0.1418
vn 0.9785 -0.0605 0.1973
vn 0.8659 -0.4466 -0.2253
vn 0.6995 -0.1919 0.6883
vn 0.3181 -0.2164 0.9230
vn 0.8058 -0.4559 -0.3781
vn 0.5972 -0.3577 -0.7179
vn 0.4866 -0.4077 -0.7726
vn 0.9703 -0.2360 0.0534
vn 0.7828 -0.5022 0.3675
vn 0.5219 -0.8394 0.1515
vn 0.3079 -0.7710 0.5574
vn 0.4117 -0.7672 -0.4918
vn 0.4557 -0.6289 -0.6300
vn 0.4181 -0.4690 -0.7780
vn 0.4323 -0.8631 0.2612
vn 0.3436 -0.4571 0.8203
vn -0.3848 -0.5718 0.7245
vn -0.2551 -0.4912 0.8329
vn 0.6158 0.7875 0.0252
vn -0.1124 0.1649 0.9799
vn 0.4969 0.1152 0.8601
vn 0.5518 -0.0936 0.8287
vn 0.7354 -0.0292 0.6770
vn -0.2753 -0.1255 0.9531
vn -0.7593 0.1278 0.6380
vn -0.2732 -0.0583 0.9602
vn -0.4267 0.2747 0.8617
vn -0.2154 0.2434 0.9457
vn -0.3809 0.3455 0.8576
vn 0.5724 0.0144 0.8198
vn 0.8565 0.3202 0.4048
vn 0.7876 0.2738 0.5520
vn 0.8465 -0.0685 0.5280
vn 0.1667 -0.7392 0.6525
vn 0.6702 -0.2701 0.6913
vn -0.3250 -0.5055 0.7993
vn -0.2257 -0.2876 0.9308
vn -0.0740 -0.1231 0.9896
vn 0.3566 0.2426 0.9022
vn 0.2485 -0.3854 0.8886
vn -0.1303 -0.1009 0.9863
vn 0.4261 -0.2675 0.8642
vn -0.7359 0.4053 0.5424
vn 0.2706 0.4620 0.8446
vn -0.6303 -0.1870 0.7535
vn -0.0870 -0.0700 0.9937
vn 0.1510 0.3397 0.9283
vn -0.4568 0.3905 0.7993
vn -0.7699 0.5262 0.3610
vn -0.9121 0.2873 0.2926
vn 0.1167 -0.2729 0.9549
vn -0.6533 -0.1798 0.7355
vn -0.7805 0.5610 0.2760
vn -0.6791 0.4934 0.5436
vn -0.0580 -0.2142 0.9751
vn -0.0506 -0.0250 0.9984
vn -0.1227 0.3907 0.9123
vn -0.3312 0.6213 0.7101
vn -0.4863 0.0030 0.8738
vn 0.1672 0.3136 0.9347
vn 0.4930 -0.3190 0.8095
vn 0.0679 -0.1739 0.9824
vn 0.0997 -0.3596 0.9278
vn -0.0196 0.0402 0.9990
vn 0.3874 -0.0501 0.9205
vn 0.5265 0.0200 0.8499
vn 0.1115 -0.2718 0.9559
vn -0.1530 -0.1986 0.9681
vn 0.2293 -0.0185 0.9732
vn 0.7920 -0.2500 0.5571
vn -0.1233 0.3466 0.9299
vn -0.1685 -0.0642 0.9836
vn -0.0704 -0.6755 0.7340
vn 0.8392 0.1422 0.5249
vn -0.2722 -0.0014 0.9622
vn 0.0484 0.3008 0.9525
vn 0.8075 -0.1649 0.5664
vn 0.9741 0.2261 -0.0018
vn 0.8969 -0.2836 0.3394
vn 0.4909 -0.6777 0.5475
vn 0.3173 -0.5669 0.7602
vn 0.9823 -0.1215 0.1425
vn 0.7018 -0.4615 0.5426
vn 0.9647 0.1785 -0.1934
vn 0.7798 -0.4893 0.3905
vn 0.8757 0.2867 0.3885
vn 0.9857 0.1671 -0.0226
vn 0.6447 0.4265 -0.6344
vn 0.9674 -0.2475 0.0542
vn 0.8901 -0.1866 0.4159
vn 0.8849 -0.4261 -0.1884
vn 0.9114 -0.1769 0.3715
vn 0.8045 -0.2117 -0.5550
vn 0.7714 -0.0294 0.6356
vn 0.8018 -0.0394 0.5963
vn 0.6404 -0.1553 0.7522
vn 0.3925 -0.2801 0.8760
vn 0.6991 0.5531 0.4532
vn 0.5765 0.3808 0.7230
vn 0.6321 -0.0834 0.7704
vn 0.9062 0.4212 0.0371
vn 0.4992 0.4481 0.7416
vn 0.4500 -0.3485 0.8222
vn 0.7607 0.1586 -0.6295
vn 0.7275 -0.1809 -0.6618
vn 0.6951 -0.5844 -0.4186
vn 0.6015 -0.7969 0.0565
vn 0.2878 -0.2458 0.9256
vn 0.6185 -0.4164 0.6664
vn 0.9397 -0.0624 0.3363
vn 0.9548 -0.2965 -0.0216
vn 0.6420 -0.0900 -0.7614
vn 0.5518 -0.1949 -0.8109
vn 0.5445 -0.3217 -0.7746
vn 0.6470 -0.5961 -0.4755
vn 0.5053 -0.5201 -0.6886
vn 0.7700 -0.5905 -0.2417
vn 0.4232 -0.5949 -0.6834
vn 0.2631 -0.6301 -0.7306
vn 0.1724 0.2137 -0.9616
vn 0.5526 -0.4566 -0.6972
vn -0.2432 0.0116 0.9699
vn 0.3732 0.3285 0.8676
vn 0.4314 -0.2556 0.8652
vn -0.2971 0.1955 0.9346
vn 0.5621 -0.5077 0.6529
vn 0.5251 -0.3190 0.7890
vn 0.6631 -0.3495 0.6619
vn 0.5871 -0.6250 0.5146
vn 0.6211 -0.5862 0.5202
vn 0.6734 -0.4056 0.6181
vn -0.0435 0.0191 0.9989
vn 0.0065 0.5935 0.8048
vn 0.1198 0.6077 0.7851
vn -0.6424 0.6430 0.4171
vn -0.1052 0.5931 0.7982
vn 0.4219 0.0680 0.9041
vn -0.6078 0.2989 0.7357
vn 0.3382 0.2938 0.8940
vn -0.0453 0.2629 0.9638
vn -0.1446 0.5816 0.8006
vn 0.1502 0.1416 0.9785
vn 0.2011 -0.0624 0.9776
vn 0.2978 0.4836 0.8231
vn 0.4177 0.2493 0.8737
vn 0.2733 0.5701 0.7748
vn 0.4271 0.5760 0.6970
vn -0.3682 0.4365 0.8209
vn 0.5393 0.7927 0.2842
vn 0.4437 0.7273 0.5236
vn -0.1464 0.9137 0.3790
vn 0.7209 0.6010 0.3450
vn 0.0451 0.1281 0.9907
vn -0.1368 0.6991 0.7018
vn -0.1110 0.8052 0.5825
vn 0.0405 0.8809 0.4715
vn 0.0834 0.9778 0.1920
vn 0.1301 0.9281 -0.3490
vn -0.0030 0.4007 0.9162
vn 0.9904 -0.0125 0.1380
vn 0.6276 -0.7785 0.0111
vn 0.3451 0.8876 -0.3052
vn 0.4437 0.8424 0.3056
vn 0.3242 0.9146 -0.2418
vn 0.3321 0.6840 0.6495
vn 0.3610 0.7201 0.5926
vn 0.2941 0.9303 0.2191
vn -0.0376 0.3303 0.9431
vn 0.3796 0.4669 0.7987
vn -0.2085 0.5357 0.8182
vn 0.0621 0.2632 0.9627
vn 0.4239 0.4445 0.7892
vn -0.2368 0.6083 0.7575
vn 0.2225 0.7429 0.6313
vn 0.6735 0.7045 0.2240
vn 0.3139 0.8867 -0.3396
vn 0.3468 0.2617 0.9007
vn 0.9206 -0.1329 -0.3671
vn 0.5614 -0.1963 -0.8039
vn 0.4569 0.0339 -0.8889
vn 0.6875 0.3085 -0.6573
vn 0.9684 -0.0739 0.2383
vn 0.5486 0.7316 -0.4047
vn 0.9491 0.0201 0.3143
vn -0.0571 0.5703 -0.8195
vn -0.2245 0.4836 -0.8460
vn -0.0127 0.0620 -0.9980
vn -0.0376 0.2887 -0.9567
vn 0.8854 -0.2164 0.4114
vn 0.5384 -0.1344 -0.8319
vn -0.0446 0.1803 0.9826
vn -0.0067 0.6743 0.7384
vn -0.5082 0.5800 0.6367
vn -0.4848 0.8336 -0.2648
vn -0.5743 0.5708 0.5868
vn -0.7846 0.3717 -0.4962
vn -0.4579 0.8265 -0.3274
vn -0.2818 -0.5785 -0.7654
vn -0.7088 -0.3626 -0.6050
vn 0.3499 0.9097 -0.2235
vn -0.2772 0.2575 -0.9257
vn 0.1992 0.1872 -0.9619
vn 0.9638 0.0476 -0.2624
vn 0.6637 -0.1742 -0.7275
vn -0.1252 -0.5316 -0.8377
vn 0.1747 0.4602 -0.8705
vn 0.3415 0.5465 -0.7646
vn 0.2530 -0.7855 -0.5648
vn 0.2603 0.5605 -0.7862
vn 0.2774 0.6080 -0.7439
vn 0.3183 0.7388 0.5940
vn -0.3351 0.3217 0.8856
vn -0.4211 0.5987 0.6814
vn 0.2827 0.3713 -0.8844
vn -0.1404 0.1493 -0.9788
vn -0.5841 -0.5566 -0.5908
vn 0.2535 0.7846 -0.5657
vn -0.7544 0.5681 0.3287
vn -0.1486 0.7810 0.6066
vn -0.4273 0.6236 0.6546
vn -0.0662 0.7525 0.6553
vn 0.4352 0.8959 0.0896
vn -0.3666 0.8770 0.3106
vn 0.4853 0.7315 0.4789
vn 0.1438 0.9178 0.3701
vn 0.2152 0.8198 0.5306
vn -0.6211 -0.7541 0.2134
vn -0.1502 0.9885 0.0146
vn -0.3552 0.8006 -0.4826
vn 0.2239 0.8738 0.4317
vn -0.0982 0.4755 -0.8742
vn 0.4411 0.8646 -0.2407
vn 0.4915 0.7799 0.3875
vn -0.6676 0.7006 0.2518
vn 0.0121 0.9948 -0.1008
vn -0.8773 -0.3376 0.3411
vn -0.8995 0.2297 -0.3717
vn -0.4508 -0.8543 0.2586
vn -0.5444 -0.4954 -0.6769
vn 0.5161 0.2617 -0.8156
vn -0.2657 0.6975 -0.6655
vn -0.1213 0.3414 -0.9320
vn 0.2310 0.9441 -0.2351
vn -0.1070 0.8327 -0.5434
vn 0.7929 0.0855 -0.6033
vn 0.1378 0.1300 -0.9819
vn 0.5794 -0.6864 -0.4396
vn 0.0528 -0.5153 -0.8554
vn -0.4888 0.5477 -0.6790
vn 0.5155 -0.8274 0.2229
vn 0.5032 -0.7714 -0.3895
vn -0.1574 0.0398 0.9867
vn -0.0751 0.1608 0.9841
vn -0.0875 0.6573 0.7485
vn -0.1643 0.0976 0.9816
vn -0.1955 0.9343 0.2982
vn 0.0430 0.7580 0.6508
vn 0.0208 0.7369 -0.6757
vn 0.8887 0.4397 -0.1299
vn 0.8944 0.2230 -0.3876
vn 0.1843 -0.0973 -0.9780
vn 0.2324 0.8920 -0.3877
vn -0.5856 0.7169 -0.3784
vn -0.4823 0.8760 -0.0049
vn -0.0902 0.9333 -0.3476
vn -0.5071 0.8090 0.2972
vn -0.7741 0.5350 0.3385
vn -0.9492 -0.3101 -0.0539
vn -0.8919 0.1876 0.4114
vn -0.3118 -0.7992 -0.5139
vn -0.0429 0.6650 -0.7456
vn 0.4355 0.5379 -0.7218
vn -0.9185 0.3113 0.2436
vn -0.3258 -0.8230 -0.4654
vn 0.4981 -0.6857 -0.5308
vn -0.3494 0.1170 -0.9296
vn -0.7897 -0.0648 0.6101
vn -0.5372 0.6475 0.5405
vn 0.0202 0.4428 -0.8964
vn 0.0533 0.4778 -0.8769
vn 0.2177 0.3861 -0.8964
vn 0.2198 0.4169 -0.8820
vn 0.0836 0.4328 -0.8976
vn 0.0088 0.6830 0.7304
vn 0.0226 0.7364 0.6762
vn -0.7590 0.0303 0.6503
vn -0.9253 0.1710 0.3384
vn -0.8074 0.5810 0.1028
vn -0.9807 -0.1697 0.0976
vn -0.7082 -0.2922 -0.6427
vn -0.1438 -0.9540 -0.2630
vn 0.7198 -0.6933 0.0355
vn -0.2263 0.4443 0.8668
vn -0.0033 0.0907 0.9959
vn 0.1022 0.4852 0.8684
vn -0.2825 0.4317 0.8566
vn 0.0004 0.7170 0.6970
vn -0.1782 0.1939 0.9647
vn -0.3897 -0.0868 0.9168
vn -0.4728 0.8772 -0.0833
vn -0.1113 0.7191 0.6860
vn -0.1849 0.7224 -0.6663
vn -0.6133 0.7724 0.1652
vn -0.9869 0.1566 0.0385
vn -0.9052 0.2807 0.3191
vn -0.7540 0.5975 0.2729
vn -0.8235 0.5314 -0.1986
vn -0.9562 0.2093 0.2048
vn -0.1146 -0.1253 0.9855
vn -0.1946 0.0720 0.9782
vn -0.5764 0.6783 0.4557
vn -0.4161 0.7517 0.5117
vn -0.9040 0.3792 -0.1974
vn -0.8805 0.2500 0.4028
vn -0.9695 0.1741 -0.1724
vn -0.3410 0.5325 0.7747
vn -0.0061 0.4440 0.8960
vn -0.1868 0.1265 0.9742
vn 0.1964 -0.1327 0.9715
vn -0.2414 0.8438 0.4792
vn 0.0722 0.5493 0.8325
vn -0.1316 -0.6051 0.7852
vn 0.3367 0.4611 0.8210
vn -0.3663 0.6184 0.6953
vn -0.2775 -0.2126 0.9369
vn 0.1313 0.5825 0.8022
vn -0.0675 0.7251 0.6853
vn -0.3917 0.8419 0.3712
vn -0.1753 0.6446 0.7442
vn -0.3023 0.2445 0.9213
vn -0.0059 0.1268 0.9919
vn -0.1900 0.7917 0.5806
vn -0.7632 0.4949 -0.4155
vn -0.5941 0.7749 -0.2158
vn -0.8913 0.3547 0.2824
vn -0.8317 0.4564 0.3161
vn -0.5708 0.8206 -0.0285
vn -0.9537 -0.2539 0.1613
vn -0.5702 0.7806 -0.2559
vn -0.6448 0.7003 0.3062
vn -0.7940 -0.0523 0.6057
vn -0.6309 0.5553 0.5419
vn -0.3986 0.9165 0.0341
vn -0.8297 0.5330 -0.1661
vn -0.9147 -0.1220 0.3854
vn -0.6916 -0.6888 0.2171
vn -0.1665 0.2409 -0.9562
vn -0.8807 -0.1715 -0.4415
vn -0.6554 -0.1659 0.7368
vn -0.4865 0.8542 -0.1835
vn -0.3043 0.9466 0.1069
vn -0.6288 0.6883 -0.3617
vn -0.8127 -0.0282 -0.5820
vn -0.7630 -0.3343 0.5533
vn -0.1426 0.0851 0.9861
vn 0.1817 -0.3492 0.9193
vn 0.0176 0.0301 0.9994
vn -0.6785 0.0254 0.7341
vn -0.7367 -0.4895 0.4665
vn -0.9823 -0.0444 0.1822
vn -0.5571 0.5111 0.6546
vn -0.5890 0.1549 0.7931
vn -0.6564 -0.3534 0.6665
vn -0.3746 -0.8361 0.4007
vn -0.5098 -0.7304 0.4546
vn -0.9706 0.1900 -0.1477
vn -0.3194 -0.5719 -0.7556
vn -0.8230 -0.5441 0.1630
vn -0.8177 0.5720 -0.0656
vn -0.0322 -0.6890 0.7240
vn -0.0066 -0.9772 0.2124
vn -0.3779 0.5858 -0.7170
vn -0.3732 0.2229 -0.9006
vn 0.3800 -0.5416 -0.7498
vn 0.0070 -0.3131 -0.9497
vn -0.5144 -0.4827 -0.7088
vn 0.1794 -0.8735 -0.4525
vn -0.7391 0.2917 -0.6072
vn -0.1456 0.8606 -0.4880
vn 0.6463 0.1581 -0.7465
vn 0.5275 -0.3936 -0.7529
vn -0.2973 -0.9339 -0.1987
vn -0.4701 -0.8422 -0.2641
vn 0.3319 -0.8293 -0.4495
vn -0.6265 -0.2598 -0.7348
vn -0.6659 -0.6799 -0.3071
vn -0.3705 -0.3682 -0.8527
vn -0.6584 0.0539 -0.7507
vn -0.2196 -0.0026 0.9756
vn -0.2246 0.8609 0.4565
vn -0.7113 0.3559 0.6061
vn -0.3224 0.0537 0.9451
vn -0.6595 0.1887 0.7276
vn -0.1038 0.4727 0.8751
vn 0.2785 0.4507 0.8481
vn 0.2896 -0.0061 0.9571
vn -0.7408 0.4174 0.5263
vn -0.8098 0.3709 -0.4546
vn -0.9778 -0.0651 -0.1993
vn -0.6560 0.0165 0.7546
vn -0.6379 0.1431 0.7567
vn -0.7054 0.4221 0.5694
vn -0.7127 0.6873 0.1401
vn -0.8015 0.5924 -0.0818
vn -0.7915 0.5896 0.1606
vn -0.6782 -0.5175 -0.5218
vn -0.5560 0.4804 -0.6783
vn -0.5098 -0.5585 -0.6544
vn -0.2536 -0.7807 -0.5712
vn -0.7704 -0.4461 -0.4556
vn -0.7395 -0.3353 0.5837
vn -0.6816 -0.6774 0.2768
vn -0.6231 0.2348 0.7460
vn 0.2684 -0.6200 -0.7373
vn -0.1581 -0.2518 -0.9548
vn -0.2386 0.3844 -0.8918
vn -0.1873 -0.6443 -0.7415
vn -0.2928 -0.3526 -0.8888
vn -0.3782 -0.1109 -0.9191
vn -0.4385 -0.2494 -0.8634
vn -0.5085 0.8161 0.2747
vn 0.0879 0.6556 0.7500
vn -0.4783 0.4979 0.7234
vn -0.7772 0.2961 0.5553
vn -0.6929 0.4019 0.5986
vn -0.6786 0.0327 0.7338
vn -0.9128 0.3994 0.0857
vn -0.8657 0.4536 0.2114
vn -0.7217 0.6854 0.0963
vn -0.8479 -0.0007 0.5302
vn -0.5265 -0.1815 0.8306
vn -0.8918 0.1045 0.4402
vn 0.2271 -0.9123 0.3407
vn 0.3151 -0.7810 0.5393
vn 0.1098 -0.9361 -0.3342
vn -0.6994 -0.7096 -0.0855
vn -0.2669 -0.5157 0.8141
vn -0.4157 -0.1361 0.8992
vn 0.3631 -0.5544 0.7488
vn 0.2526 -0.1293 0.9589
vn -0.5114 -0.2897 0.8090
vn 0.3526 -0.4196 0.8364
vn 0.5804 -0.3390 0.7405
vn -0.4725 -0.2920 0.8315
vn 0.1056 -0.5382 0.8362
vn 0.0376 -0.4537 0.8904
vn -0.5559 -0.0979 0.8255
vn -0.7237 0.0249 0.6897
vn -0.6805 0.2002 0.7049
vn -0.3249 -0.0007 0.9457
vn -0.7157 -0.0810 0.6937
vn -0.6781 -0.4821 0.5548
vn -0.5156 -0.4530 0.7273
vn 0.4538 -0.4315 0.7797
vn 0.3869 -0.2530 0.8868
vn -0.1572 0.2967 0.9419
vn 0.1792 0.3205 0.9301
vn -0.1714 -0.2356 0.9566
vn 0.2005 0.3299 0.9225
vn 0.5362 -0.1788 0.8249
vn 0.7479 -0.1816 0.6385
vn -0.5587 0.2992 0.7735
vn 0.6943 -0.1631 0.7010
vn -0.3106 -0.0507 0.9492
vn 0.5753 -0.6099 0.5450
vn 0.1285 -0.7836 0.6079
vn -0.3845 -0.3011 0.8726
vn -0.5591 -0.7587 0.3344
vn 0.0914 -0.9910 0.0979
vn -0.2756 -0.1221 0.9535
vn 0.2668 -0.2300 0.9359
vn 0.3506 -0.0634 0.9344
vn 0.9827 -0.1849 -0.0046
vn 0.7241 -0.2085 0.6575
vn -0.5711 -0.2826 0.7707
vn -0.4343 -0.6571 0.6161
vn -0.9830 -0.1644 0.0820
vn -0.8337 -0.1901 0.5185
vn -0.7854 -0.6153 -0.0680
vn -0.1014 0.4284 0.8979
vn 0.8365 -0.1300 0.5323
vn 0.0364 0.0811 0.9960
vn -0.1366 0.2162 0.9667
vn -0.1365 0.0501 0.9894
vn -0.0868 -0.0476 0.9951
vn -0.2902 -0.5538 0.7805
vn -0.6410 -0.1975 0.7417
vn 0.8591 -0.1723 0.4820
vn 0.5804 -0.5710 0.5806
vn -0.1703 -0.8070 0.5655
vn 0.8744 -0.1017 0.4745
vn 0.6834 -0.1058 0.7223
vn 0.2002 -0.1274 0.9714
vn -0.1282 -0.7441 0.6556
vn -0.4735 -0.1277 0.8715
vn -0.4439 -0.0552 0.8944
vn -0.2364 -0.5586 0.7950
vn 0.2952 -0.4069 0.8645
vn -0.0753 0.1367 0.9877
vn -0.7642 -0.0964 0.6378
vn -0.0977 0.2341 0.9673
vn -0.1412 0.3963 0.9072
vn -0.6484 0.1939 0.7362
vn -0.0179 0.3702 0.9288
vn -0.2038 0.2351 0.9504
vn 0.2502 0.3581 0.8995
vn -0.4890 0.2550 0.8342
vn -0.3577 0.4770 0.8028
vn -0.8537 0.2283 0.4680
vn -0.4314 0.1282 0.8930
vn 0.6443 0.3964 0.6540
vn 0.5750 -0.7298 0.3699
vn 0.5268 -0.5122 0.6784
vn 0.9846 0.1747 0.0006
vn 0.7808 0.3224 0.5351
vn 0.9928 0.0865 0.0828
vn 0.4902 0.3506 0.7980
vn 0.6057 0.0093 0.7957
vn 0.7600 -0.0147 0.6498
vn 0.0703 -0.1705 0.9828
vn 0.2164 -0.1307 0.9675
vn -0.5287 0.1665 0.8323
vn -0.1562 -0.3066 0.9389
vn -0.2288 0.4838 0.8447
vn -0.4150 0.0117 0.9097
vn -0.4889 0.2800 0.8262
vn 0.3436 0.2996 0.8901
vn 0.1959 0.3911 0.8993
vn 0.3721 0.4452 0.8145
vn 0.4007 0.1289 0.9071
vn 0.0973 0.3262 0.9403
vn -0.1832 0.4592 0.8692
vn -0.1564 -0.2045 0.9663
vn -0.7830 -0.0856 0.6161
vn -0.0786 0.1837 0.9798
vn -0.3970 0.1989 0.8960
vn -0.0787 0.2356 0.9687
vn -0.6981 0.0909 0.7103
vn -0.6089 -0.0214 0.7930
vn -0.6915 -0.2941 0.6598
vn -0.5815 -0.0766 0.8100
vn -0.5954 -0.0740 0.8000
vn -0.3811 -0.2136 0.8995
vn -0.5196 -0.2563 0.8151
vn -0.2769 -0.4857 0.8291
vn -0.3949 0.1769 0.9015
vn -0.6835 -0.6250 0.3771
vn -0.8357 0.2892 0.4669
vn -0.1160 -0.6823 0.7218
vn -0.8000 0.5579 -0.2206
vn -0.5985 0.6890 -0.4088
vn -0.8559 0.1712 -0.4879
vn -0.2390 0.3636 -0.9004
vn -0.2791 0.4736 -0.8353
vn -0.0270 -0.0230 -0.9994
vn -0.6229 -0.6808 -0.3855
vn -0.2691 -0.2435 -0.9318
vn -0.1998 0.0267 -0.9795
vn -0.2518 -0.4765 -0.8424
vn 0.3871 -0.2641 -0.8834
vn -0.8062 0.2977 -0.5114
vn -0.9601 -0.0597 -0.2732
vn -0.5769 -0.4908 -0.6530
vn -0.3137 -0.1445 -0.9385
vn -0.0943 -0.1647 0.9818
vn -0.3961 -0.2347 0.8877
vn -0.4262 -0.4990 0.7546
vn -0.2425 -0.4268 0.8712
vn -0.5447 -0.1038 0.8322
vn -0.3478 -0.3402 0.8737
vn -0.8959 -0.1777 0.4072
vn -0.6445 -0.5198 0.5608
vn -0.9282 -0.1038 0.3572
vn -0.8275 -0.5543 0.0891
vn -0.6194 0.0118 0.7850
vn -0.1991 -0.3219 0.9256
vn -0.9378 -0.1706 0.3024
vn -0.3499 -0.8345 0.4256
vn -0.2702 -0.6608 0.7003
vn -0.6084 -0.5665 0.5558
vn -0.7207 -0.6601 -0.2118
vn -0.7847 -0.6172 0.0580
vn -0.7412 -0.3948 0.5429
vn -0.3425 -0.8712 0.3517
vn 0.0422 -0.9239 0.3802
vn -0.2800 -0.3491 0.8943
vn -0.5164 -0.3966 0.7590
vn -0.3592 -0.8268 0.4329
vn -0.3522 -0.8079 -0.4725
vn -0.9359 -0.3198 0.1475
vn -0.8699 -0.4534 -0.1943
vn -0.6874 -0.5877 0.4267
vn -0.9104 -0.3367 -0.2406
vn -0.4992 -0.6035 0.6218
vn -0.8290 -0.5318 0.1729
vn 0.6283 -0.2051 0.7504
vn -0.1141 -0.5023 0.8572
vn -0.6295 -0.3304 0.7033
vn -0.1310 -0.4128 0.9013
vn -0.4156 -0.5141 0.7503
vn -0.8052 -0.3053 0.5085
vn -0.6936 -0.5391 0.4778
vn -0.6700 -0.7234 0.1666
vn -0.5152 -0.6447 -0.5648
vn -0.8462 -0.5202 -0.1153
vn -0.7911 -0.1464 0.5939
vn -0.2692 0.7293 0.6290
vn 0.9513 0.2945 0.0914
vn 0.9850 0.1562 0.0737
vn 0.1996 0.4819 0.8532
vn 0.4191 0.5883 0.6916
vn 0.4106 0.0762 0.9086
vn -0.0343 0.2905 0.9563
vn -0.0218 0.6375 0.7702
vn -0.6908 0.0909 0.7173
vn -0.5236 -0.2573 0.8122
vn -0.8769 -0.3669 0.3104
vn 0.2526 -0.3885 0.8861
vn -0.3251 -0.5807 0.7464
vn -0.0648 -0.4135 0.9082
vn -0.3385 -0.3397 0.8775
vn 0.6394 -0.4011 0.6560
vn -0.0292 -0.6042 0.7963
vn -0.4454 -0.4726 0.7604
vn -0.0346 0.1202 0.9921
vn 0.1508 -0.4218 0.8941
vn 0.1392 -0.3206 0.9369
vn -0.2872 -0.3648 0.8857
vn -0.1076 -0.0098 0.9941
vn 0.3425 -0.2709 0.8996
vn 0.0367 0.0532 0.9979
vn -0.3281 -0.0997 0.9394
vn 0.3470 -0.1145 0.9308
vn 0.0638 -0.2289 0.9714
vn -0.1133 -0.0707 0.9910
vn -0.1388 -0.4805 0.8659
vn -0.5672 -0.0877 0.8189
vn 0.1383 -0.4685 0.8726
vn -0.0074 0.2318 0.9727
vn -0.3875 -0.0906 0.9174
vn 0.4431 -0.1960 0.8748
vn -0.5992 0.0320 0.7999
vn 0.0742 -0.4214 0.9038
vn -0.3782 -0.7029 0.6025
vn -0.8828 -0.1387 0.4489
vn 0.3041 -0.7775 0.5505
vn 0.0224 -0.6394 0.7685
vn 0.0706 -0.8358 0.5445
vn 0.5375 -0.8181 0.2044
vn -0.2080 -0.0443 0.9771
vn -0.6728 -0.3030 0.6749
vn 0.0191 -0.6050 0.7960
vn -0.7260 -0.2673 0.6336
vn -0.9313 -0.2448 0.2697
vn -0.1321 -0.7586 0.6380
vn 0.2134 -0.9593 0.1851
vn -0.2775 -0.4835 0.8302
vn -0.3026 -0.6793 0.6686
vn -0.3151 -0.5887 0.7444
vn -0.2243 -0.7987 0.5584
vn -0.8261 -0.3152 0.4670
vn -0.2449 -0.8335 0.4952
vn -0.5180 -0.6709 0.5306
vn -0.5012 -0.1264 0.8560
vn -0.3421 -0.3915 0.8542
vn 0.0170 -0.5591 0.8289
vn -0.6285 -0.7577 -0.1757
vn -0.2840 -0.9348 -0.2134
vn -0.4116 -0.8800 0.2369
vn -0.0067 -0.8958 -0.4444
vn 0.5916 0.1408 0.7938
vn 0.7416 -0.2508 0.6222
vn 0.7816 -0.4457 0.4365
vn 0.9879 -0.0647 0.1409
vn 0.8166 -0.4436 0.3694
vn 0.4580 -0.0119 0.8889
vn 0.6619 -0.3756 0.6487
vn 0.0186 0.0402 0.9990
vn 0.5293 -0.7256 0.4397
vn 0.4771 -0.2847 0.8315
vn 0.1684 -0.4625 0.8705
vn -0.5079 -0.1389 0.8501
vn 0.5268 0.2286 0.8187
vn -0.4956 0.1504 0.8554
vn -0.4476 -0.3410 0.8267
vn 0.3366 -0.6346 0.6957
vn 0.7720 -0.5405 0.3345
vn 0.0484 -0.3699 0.9278
vn 0.2711 -0.1427 0.9519
vn 0.2736 -0.5115 0.8146
vn 0.3792 -0.6115 0.6945
vn 0.4947 -0.5960 0.6325
vn 0.3888 -0.5819 0.7142
vn 0.7824 -0.6098 -0.1266
vn 0.3624 -0.5069 0.7821
vn 0.4365 -0.5641 0.7009
vn 0.3481 -0.4815 0.8044
vn 0.6907 -0.4105 0.5954
vn 0.6237 -0.4592 0.6325
vn 0.4802 -0.7777 0.4056
vn 0.6525 -0.4938 0.5748
vn 0.7338 -0.6286 0.2575
vn 0.3742 -0.7015 -0.6065
vn 0.5800 -0.4493 -0.6795
vn 0.5918 -0.7358 0.3291
vn 0.2147 0.2817 -0.9352
vn -0.4271 -0.1465 -0.8923
vn -0.5498 -0.5097 -0.6618
vn -0.5474 -0.4594 -0.6995
vn -0.0830 0.1616 -0.9834
vn -0.0377 0.4180 -0.9077
vn -0.0962 0.2195 -0.9709
vn -0.0430 0.2570 -0.9654
vn 0.1156 -0.1140 -0.9867
vn 0.0562 -0.2327 -0.9709
vn 0.0930 0.0748 -0.9929
vn 0.0886 -0.0959 -0.9914
vn 0.4837 0.0880 -0.8708
vn 0.3637 -0.3577 -0.8601
vn 0.3554 -0.0582 -0.9329
vn 0.3261 -0.0171 -0.9452
vn 0.6518 -0.2819 -0.7041
vn 0.3799 -0.5130 -0.7698
vn 0.0463 -0.4088 -0.9114
vn -0.0199 -0.3752 -0.9267
vn 0.2242 -0.2733 -0.9354
vn 0.1267 -0.1068 -0.9862
vn 0.4453 -0.2356 -0.8638
vn 0.2804 -0.2039 -0.9380
vn 0.2378 -0.3121 -0.9198
vn 0.4951 -0.7121 -0.4978
vn -0.3247 -0.7960 -0.5108
vn -0.1082 -0.0915 -0.9899
vn -0.4376 -0.2826 -0.8536
vn -0.2597 -0.2501 -0.9327
vn -0.0935 -0.1847 -0.9783
vn 0.0046 -0.4591 -0.8884
vn -0.4965 -0.5463 -0.6745
vn -0.1528 -0.2145 -0.9647
vn -0.4905 -0.3358 -0.8041
vn -0.4147 -0.2075 -0.8860
vn -0.8179 -0.3259 -0.4742
vn -0.3921 -0.0775 -0.9166
vn -0.3515 -0.0285 -0.9357
vn -0.7202 -0.1230 -0.6828
vn -0.1519 -0.1032 -0.9830
vn -0.4585 -0.3192 -0.8294
vn -0.4930 -0.1211 -0.8616
vn -0.0053 -0.1707 -0.9853
vn -0.6107 -0.4395 -0.6587
vn -0.5508 -0.4460 -0.7055
vn -0.2997 -0.5682 -0.7664
vn -0.2537 -0.3612 -0.8973
vn -0.5898 -0.2612 -0.7641
vn -0.3002 -0.0398 -0.9530
vn -0.5857 -0.2735 -0.7630
vn -0.4042 -0.2041 -0.8916
vn -0.3778 -0.2905 -0.8791
vn -0.2321 -0.3127 -0.9211
vn -0.2036 -0.2500 -0.9466
vn -0.1201 -0.1279 -0.9845
vn 0.0377 -0.0874 -0.9955
vn 0.0479 0.0086 -0.9988
vn -0.1708 -0.2523 -0.9524
vn -0.0225 0.0233 -0.9995
vn -0.2129 -0.4288 -0.8780
vn 0.0767 -0.3484 -0.9342
vn 0.0196 -0.1700 -0.9853
vn 0.0494 -0.0551 -0.9973
vn 0.0651 -0.0908 -0.9937
vn -0.1091 -0.1867 -0.9763
vn 0.1585 -0.1988 -0.9671
vn 0.3416 -0.3627 -0.8670
vn 0.3417 -0.2924 -0.8932
vn 0.0449 -0.2689 -0.9621
vn -0.0794 -0.2421 -0.9670
vn 0.0920 -0.2055 -0.9743
vn -0.1732 -0.3310 -0.9276
vn -0.1528 -0.2689 -0.9510
vn -0.0454 -0.2816 -0.9585
vn -0.2413 -0.3934 -0.8871
vn -0.1329 -0.3588 -0.9239
vn 0.1685 -0.3553 -0.9194
vn 0.3058 -0.2420 -0.9208
vn 0.4198 -0.2350 -0.8767
vn 0.3156 -0.0794 -0.9456
vn 0.1922 -0.2282 -0.9544
vn 0.2694 -0.3506 -0.8969
vn 0.1796 -0.4432 -0.8783
vn -0.1589 -0.0645 -0.9852
vn -0.0426 -0.3190 -0.9468
vn 0.2113 -0.3862 -0.8979
vn 0.0420 -0.1322 -0.9903
vn 0.2219 0.0096 0.9750
vn -0.0080 0.9999 0.0080
vn -0.4921 0.7007 0.5165
vn 0.0004 0.9998 0.0223
vn 0.5164 0.7009 0.4920
vn -0.0078 0.9999 -0.0083
vn -0.5166 0.7006 -0.4922
vn -0.0224 0.9997 0.0004
vn 0.0078 0.9999 -0.0085
vn 0.0224 0.9997 0.0003
vn 0.4920 0.7008 -0.5165
vn 0.0074 0.9999 0.0077
vn 0.0004 0.9997 -0.0225
vn -0.6846 0.1946 -0.7025
vn 0.7024 0.1951 -0.6845
vn -0.7024 0.1951 0.6845
vn 0.6846 0.1946 0.7025
vn 0.5855 -0.5539 -0.5919
vn -0.5855 -0.5539 0.5919
vn -0.5917 -0.5546 -0.5851
vn 0.5917 -0.5546 0.5851
vn 0.8316 0.1115 0.5441
vn -0.2151 -0.1017 0.9713
vn -0.4874 0.7463 0.4533
vn 0.5472 -0.1482 0.8238
vn -0.2970 0.3340 0.8946
vn -0.1337 0.2536 0.9580
vn -0.6311 0.6156 0.4719
vn 0.7981 0.0137 0.6024
vn 0.1369 -0.3587 -0.9233
vn -0.6264 0.5250 0.5762
vn 0.7110 0.2315 -0.6640
vn -0.6371 0.3276 0.6977
vn 0.7548 -0.4694 -0.4582
vn -0.4514 0.3574 0.8176
vn -0.9140 0.3605 0.1861
vn -0.5678 -0.1192 0.8145
vn 0.3751 0.0048 0.9270
vn 0.0839 0.0200 0.9963
vn -0.8711 -0.2251 0.4364
vn 0.1467 -0.5169 0.8434
vn -0.5302 -0.6987 -0.4803
vn 0.2981 -0.4059 -0.8639
vt 0.820428 0.604721
vt 0.804653 0.592002
vt 0.825716 0.589549
vt 0.808406 0.611009
vt 0.772224 0.604814
vt 0.756910 0.581325
vt 0.724254 0.320920
vt 0.725405 0.324098
vt 0.716173 0.325681
vt 0.716004 0.630348
vt 0.731090 0.628647
vt 0.727943 0.628679
vt 0.725431 0.303367
vt 0.729016 0.309542
vt 0.710989 0.312816
vt 0.709143 0.323089
vt 0.707963 0.630445
vt 0.709383 0.644468
vt 0.705079 0.646825
vt 0.712207 0.653355
vt 0.704372 0.658776
vt 0.713626 0.649308
vt 0.742762 0.618275
vt 0.732384 0.607969
vt 0.737949 0.593762
vt 0.714014 0.621079
vt 0.708518 0.602107
vt 0.711591 0.574457
vt 0.689778 0.619676
vt 0.690103 0.637957
vt 0.683967 0.657192
vt 0.746693 0.630508
vt 0.730299 0.645011
vt 0.735556 0.665513
vt 0.774083 0.669317
vt 0.758806 0.652850
vt 0.755276 0.637222
vt 0.773926 0.619946
vt 0.731122 0.350567
vt 0.732456 0.377483
vt 0.712772 0.354249
vt 0.731958 0.702947
vt 0.719265 0.675080
vt 0.719150 0.693504
vt 0.691288 0.670444
vt 0.692616 0.678258
vt 0.668959 0.590882
vt 0.696725 0.593840
vt 0.652577 0.567907
vt 0.663705 0.653837
vt 0.675626 0.660656
vt 0.428895 0.944025
vt 0.419408 0.928602
vt 0.427738 0.933812
vt 0.653754 0.618781
vt 0.624527 0.592882
vt 0.628523 0.615581
vt 0.625275 0.560249
vt 0.746445 0.704418
vt 0.755223 0.705925
vt 0.780763 0.693927
vt 0.722465 0.394726
vt 0.684715 0.375760
vt 0.751345 0.392141
vt 0.759884 0.398750
vt 0.729747 0.406599
vt 0.848256 0.602672
vt 0.834130 0.600144
vt 0.853490 0.597774
vt 0.851515 0.594321
vt 0.781446 0.404765
vt 0.775856 0.384153
vt 0.755972 0.368601
vt 0.743587 0.353525
vt 0.825370 0.621870
vt 0.827684 0.608632
vt 0.329398 0.239305
vt 0.315612 0.242204
vt 0.331724 0.232389
vt 0.317904 0.243893
vt 0.306726 0.237066
vt 0.319032 0.251094
vt 0.760461 0.410583
vt 0.694598 0.418498
vt 0.677870 0.421882
vt 0.663305 0.420973
vt 0.674061 0.395479
vt 0.791905 0.701628
vt 0.775820 0.713470
vt 0.623008 0.734138
vt 0.621116 0.740557
vt 0.611930 0.735630
vt 0.728753 0.423970
vt 0.768168 0.423269
vt 0.693358 0.427852
vt 0.461249 0.862581
vt 0.465712 0.875728
vt 0.456651 0.888300
vt 0.472491 0.904269
vt 0.479906 0.885980
vt 0.488511 0.906343
vt 0.470251 0.949713
vt 0.466401 0.918706
vt 0.475161 0.938990
vt 0.481516 0.919857
vt 0.496780 0.920705
vt 0.491512 0.945328
vt 0.500613 0.973390
vt 0.510116 0.952955
vt 0.498812 0.881967
vt 0.517089 0.900307
vt 0.507839 0.914648
vt 0.505317 0.929976
vt 0.478534 0.963212
vt 0.478088 0.981295
vt 0.472715 0.980944
vt 0.512917 0.976893
vt 0.546337 0.963991
vt 0.554790 0.969037
vt 0.718417 0.317818
vt 0.822702 0.574329
vt 0.802601 0.579771
vt 0.512824 0.256913
vt 0.512494 0.244371
vt 0.517774 0.252230
vt 0.520359 0.223661
vt 0.520132 0.227788
vt 0.727474 0.516517
vt 0.727082 0.524556
vt 0.722945 0.500920
vt 0.525319 0.247435
vt 0.521254 0.255964
vt 0.749399 0.506387
vt 0.744222 0.508317
vt 0.739637 0.501706
vt 0.528230 0.224445
vt 0.528399 0.231416
vt 0.733713 0.496570
vt 0.725960 0.488889
vt 0.743455 0.482485
vt 0.745373 0.524011
vt 0.759488 0.527879
vt 0.739381 0.526541
vt 0.756719 0.539286
vt 0.733114 0.542560
vt 0.742783 0.556352
vt 0.723666 0.559086
vt 0.702412 0.549805
vt 0.698043 0.485333
vt 0.762380 0.489196
vt 0.731186 0.459919
vt 0.823691 0.555399
vt 0.777374 0.562968
vt 0.785878 0.548624
vt 0.797173 0.540986
vt 0.816180 0.543539
vt 0.674769 0.288886
vt 0.701357 0.289934
vt 0.698146 0.318910
vt 0.686969 0.272255
vt 0.703827 0.280316
vt 0.752311 0.454480
vt 0.663155 0.551612
vt 0.661637 0.520804
vt 0.695111 0.528513
vt 0.705105 0.514886
vt 0.706331 0.463048
vt 0.691840 0.469301
vt 0.720689 0.455808
vt 0.631085 0.529590
vt 0.675034 0.486911
vt 0.665453 0.482990
vt 0.800027 0.498616
vt 0.774912 0.512308
vt 0.646539 0.290435
vt 0.657519 0.299957
vt 0.640673 0.319488
vt 0.655523 0.262079
vt 0.661098 0.275467
vt 0.628858 0.251814
vt 0.648565 0.241672
vt 0.641057 0.267283
vt 0.675029 0.261464
vt 0.669474 0.248602
vt 0.251149 0.035877
vt 0.254449 0.048689
vt 0.245503 0.044796
vt 0.232209 0.037473
vt 0.238146 0.023388
vt 0.830916 0.559685
vt 0.831595 0.574637
vt 0.239468 0.069982
vt 0.243622 0.060748
vt 0.249672 0.068754
vt 0.240861 0.058687
vt 0.233379 0.062030
vt 0.633326 0.349455
vt 0.647463 0.358639
vt 0.824804 0.444278
vt 0.815765 0.470256
vt 0.805404 0.444052
vt 0.771143 0.450497
vt 0.627367 0.269837
vt 0.629343 0.296518
vt 0.625943 0.350896
vt 0.483181 0.847802
vt 0.485662 0.870342
vt 0.499087 0.861914
vt 0.480123 0.804848
vt 0.470823 0.844310
vt 0.495510 0.840551
vt 0.497993 0.827188
vt 0.487009 0.789335
vt 0.499375 0.805672
vt 0.516984 0.868232
vt 0.499530 0.878314
vt 0.510296 0.840232
vt 0.505725 0.813171
vt 0.514378 0.802069
vt 0.624126 0.369989
vt 0.511463 0.790342
vt 0.497418 0.777635
vt 0.513030 0.781702
vt 0.531831 0.788779
vt 0.538917 0.841980
vt 0.534149 0.822632
vt 0.441061 0.873689
vt 0.428425 0.868576
vt 0.435501 0.861754
vt 0.409203 0.866914
vt 0.410221 0.877001
vt 0.393266 0.872671
vt 0.399415 0.858875
vt 0.378850 0.856934
vt 0.371337 0.861456
vt 0.362912 0.840090
vt 0.378154 0.838364
vt 0.360141 0.856721
vt 0.438851 0.888363
vt 0.642859 0.634987
vt 0.630400 0.636127
vt 0.619995 0.626178
vt 0.374408 0.872539
vt 0.358290 0.868722
vt 0.351542 0.851929
vt 0.355664 0.839850
vt 0.396399 0.843457
vt 0.415896 0.856834
vt 0.413128 0.885031
vt 0.431654 0.897283
vt 0.409044 0.895624
vt 0.424592 0.911453
vt 0.406120 0.907224
vt 0.668140 0.658820
vt 0.412634 0.930999
vt 0.395629 0.921128
vt 0.388321 0.885586
vt 0.393186 0.881036
vt 0.371507 0.879247
vt 0.379869 0.888509
vt 0.391755 0.896452
vt 0.407708 0.914417
vt 0.389481 0.906353
vt 0.363846 0.879584
vt 0.359119 0.883393
vt 0.374196 0.894015
vt 0.416325 0.848256
vt 0.367255 0.931569
vt 0.351678 0.926882
vt 0.389609 0.947629
vt 0.409795 0.938016
vt 0.398448 0.946363
vt 0.559878 0.726662
vt 0.574003 0.715481
vt 0.568591 0.731653
vt 0.586661 0.741577
vt 0.585275 0.724628
vt 0.596159 0.761246
vt 0.609498 0.753394
vt 0.350073 0.947659
vt 0.322537 0.943644
vt 0.321108 0.958081
vt 0.309344 0.952164
vt 0.302126 0.960212
vt 0.287374 0.955586
vt 0.307303 0.965446
vt 0.368170 0.884062
vt 0.351515 0.913272
vt 0.325869 0.930178
vt 0.334790 0.905893
vt 0.301118 0.941143
vt 0.269176 0.940784
vt 0.347030 0.884358
vt 0.341738 0.851369
vt 0.366918 0.835081
vt 0.363846 0.828022
vt 0.341431 0.836270
vt 0.387721 0.828192
vt 0.837969 0.380166
vt 0.825535 0.380677
vt 0.832811 0.363116
vt 0.351994 0.795753
vt 0.371572 0.817695
vt 0.353289 0.811253
vt 0.322254 0.811850
vt 0.325385 0.851856
vt 0.334542 0.873247
vt 0.312428 0.893206
vt 0.285585 0.894487
vt 0.296118 0.878575
vt 0.289957 0.904196
vt 0.326536 0.895572
vt 0.322397 0.884932
vt 0.302558 0.909120
vt 0.313095 0.923505
vt 0.266826 0.908297
vt 0.289541 0.931344
vt 0.243267 0.915995
vt 0.339785 0.796312
vt 0.352961 0.826187
vt 0.303468 0.808556
vt 0.286655 0.845654
vt 0.318602 0.864208
vt 0.263339 0.884509
vt 0.271497 0.869936
vt 0.554927 0.755964
vt 0.322338 0.965317
vt 0.576586 0.811493
vt 0.581190 0.850083
vt 0.569255 0.835513
vt 0.576963 0.762897
vt 0.572749 0.792766
vt 0.588599 0.778757
vt 0.587386 0.811558
vt 0.610745 0.811093
vt 0.616199 0.794362
vt 0.613706 0.810218
vt 0.159852 0.449695
vt 0.146881 0.452734
vt 0.156426 0.444426
vt 0.623189 0.781022
vt 0.628408 0.799978
vt 0.151708 0.465594
vt 0.139847 0.457806
vt 0.599144 0.814305
vt 0.621600 0.829087
vt 0.611953 0.840063
vt 0.134299 0.454857
vt 0.126253 0.470138
vt 0.133134 0.447114
vt 0.137621 0.470889
vt 0.632782 0.787855
vt 0.626091 0.761767
vt 0.616010 0.755392
vt 0.624684 0.750621
vt 0.685169 0.762929
vt 0.698260 0.756417
vt 0.695953 0.770154
vt 0.663434 0.774801
vt 0.654913 0.731085
vt 0.666397 0.745023
vt 0.635577 0.734206
vt 0.692575 0.777125
vt 0.667239 0.765282
vt 0.673910 0.759037
vt 0.686980 0.784384
vt 0.670539 0.785468
vt 0.631754 0.760685
vt 0.650523 0.778908
vt 0.644405 0.781978
vt 0.653346 0.786658
vt 0.713440 0.868012
vt 0.723689 0.860656
vt 0.733298 0.875111
vt 0.717840 0.844954
vt 0.712198 0.833389
vt 0.658905 0.802763
vt 0.683067 0.811345
vt 0.685715 0.822310
vt 0.666765 0.819675
vt 0.693632 0.839789
vt 0.644509 0.794674
vt 0.667338 0.797317
vt 0.696074 0.794904
vt 0.682488 0.800341
vt 0.702822 0.810787
vt 0.715349 0.805781
vt 0.705495 0.767895
vt 0.702269 0.741052
vt 0.669635 0.737031
vt 0.690394 0.722083
vt 0.697741 0.785315
vt 0.631506 0.660208
vt 0.634639 0.660516
vt 0.630581 0.670807
vt 0.613735 0.663884
vt 0.631035 0.680547
vt 0.603539 0.680870
vt 0.604198 0.689605
vt 0.735776 0.772231
vt 0.737237 0.765442
vt 0.713559 0.793841
vt 0.726635 0.802575
vt 0.620550 0.658025
vt 0.599391 0.667041
vt 0.609631 0.648907
vt 0.593588 0.650482
vt 0.589751 0.661526
vt 0.759547 0.847826
vt 0.749746 0.857756
vt 0.739138 0.845697
vt 0.770803 0.843679
vt 0.748683 0.821543
vt 0.767448 0.833929
vt 0.732350 0.846175
vt 0.743599 0.864516
vt 0.760613 0.884934
vt 0.751479 0.890799
vt 0.749577 0.896794
vt 0.743628 0.896888
vt 0.769441 0.874384
vt 0.769792 0.859317
vt 0.759581 0.903897
vt 0.774086 0.900801
vt 0.237646 0.146377
vt 0.244513 0.145828
vt 0.248024 0.161077
vt 0.775005 0.889261
vt 0.783194 0.891099
vt 0.793696 0.899363
vt 0.810841 0.902257
vt 0.804367 0.906726
vt 0.239536 0.165484
vt 0.251984 0.177696
vt 0.258646 0.175409
vt 0.266416 0.181694
vt 0.266526 0.190695
vt 0.435295 0.809773
vt 0.431534 0.803435
vt 0.444125 0.805293
vt 0.785824 0.853606
vt 0.794215 0.879495
vt 0.585180 0.646031
vt 0.599521 0.641401
vt 0.588751 0.684106
vt 0.593777 0.692443
vt 0.746601 0.809195
vt 0.734516 0.807653
vt 0.750512 0.783172
vt 0.744067 0.787707
vt 0.760432 0.801478
vt 0.755324 0.769748
vt 0.740279 0.750248
vt 0.704493 0.723821
vt 0.731017 0.714736
vt 0.733211 0.728533
vt 0.742908 0.721773
vt 0.748572 0.714003
vt 0.296071 0.714465
vt 0.301307 0.705804
vt 0.313856 0.723827
vt 0.756684 0.738520
vt 0.322312 0.768754
vt 0.322329 0.753399
vt 0.338670 0.766474
vt 0.347515 0.780492
vt 0.364435 0.769960
vt 0.787864 0.843362
vt 0.780898 0.837368
vt 0.771607 0.831057
vt 0.758513 0.814198
vt 0.804050 0.870285
vt 0.800020 0.888370
vt 0.810517 0.894404
vt 0.338289 0.752720
vt 0.376317 0.763937
vt 0.351583 0.747558
vt 0.301821 0.684575
vt 0.310771 0.676893
vt 0.334294 0.679841
vt 0.343374 0.695115
vt 0.319811 0.659928
vt 0.312176 0.662280
vt 0.338982 0.706483
vt 0.325656 0.701114
vt 0.371245 0.677830
vt 0.364974 0.669518
vt 0.383895 0.668859
vt 0.392546 0.678623
vt 0.392830 0.672364
vt 0.338746 0.667066
vt 0.344397 0.652437
vt 0.322011 0.600706
vt 0.302508 0.589864
vt 0.325799 0.627821
vt 0.338239 0.630263
vt 0.358670 0.639790
vt 0.334164 0.723794
vt 0.364794 0.687590
vt 0.388707 0.689534
vt 0.403942 0.694377
vt 0.410727 0.678731
vt 0.424113 0.689616
vt 0.376986 0.741509
vt 0.399646 0.751168
vt 0.375487 0.752219
vt 0.398671 0.720041
vt 0.406944 0.735947
vt 0.373062 0.706213
vt 0.358802 0.714549
vt 0.393359 0.702372
vt 0.637652 0.806722
vt 0.668188 0.837569
vt 0.349562 0.729789
vt 0.327275 0.742075
vt 0.694614 0.858935
vt 0.680148 0.855654
vt 0.703492 0.874136
vt 0.717990 0.876690
vt 0.731058 0.885648
vt 0.655064 0.845796
vt 0.632665 0.836420
vt 0.669270 0.855194
vt 0.715067 0.884134
vt 0.245132 0.901495
vt 0.236028 0.886331
vt 0.235220 0.876520
vt 0.563437 0.871173
vt 0.570789 0.863507
vt 0.584588 0.876306
vt 0.612797 0.878468
vt 0.600313 0.881089
vt 0.599491 0.845800
vt 0.628509 0.872219
vt 0.635451 0.862368
vt 0.639092 0.849684
vt 0.631039 0.890228
vt 0.644789 0.883807
vt 0.661263 0.867095
vt 0.642669 0.907814
vt 0.639271 0.903704
vt 0.648296 0.900027
vt 0.632903 0.904469
vt 0.626580 0.896399
vt 0.149392 0.062431
vt 0.161400 0.055943
vt 0.166595 0.074122
vt 0.656982 0.906496
vt 0.655152 0.882298
vt 0.673053 0.887565
vt 0.692468 0.884904
vt 0.691343 0.896407
vt 0.147183 0.080720
vt 0.116166 0.051852
vt 0.126790 0.053494
vt 0.098765 0.042161
vt 0.107398 0.059356
vt 0.082612 0.046407
vt 0.095075 0.029145
vt 0.097398 0.034818
vt 0.085636 0.026606
vt 0.069268 0.015038
vt 0.072587 0.028494
vt 0.058453 0.013336
vt 0.235639 0.903106
vt 0.044218 0.017256
vt 0.046285 0.008454
vt 0.045482 0.034257
vt 0.028987 0.023508
vt 0.063332 0.039158
vt 0.184270 0.094419
vt 0.200727 0.108581
vt 0.222324 0.138278
vt 0.414324 0.709153
vt 0.411387 0.746412
vt 0.439704 0.726531
vt 0.422380 0.734464
vt 0.422621 0.753329
vt 0.403642 0.771905
vt 0.420588 0.795323
vt 0.433892 0.778362
vt 0.447625 0.793483
vt 0.812944 0.899480
vt 0.377407 0.793659
vt 0.400968 0.816433
vt 0.398576 0.776842
vt 0.414637 0.815864
vt 0.807547 0.882181
vt 0.315675 0.740427
vt 0.389513 0.595611
vt 0.355988 0.611836
vt 0.402067 0.605002
vt 0.389932 0.617442
vt 0.428702 0.643682
vt 0.397629 0.654438
vt 0.410713 0.638912
vt 0.844859 0.303071
vt 0.838340 0.322336
vt 0.828881 0.312625
vt 0.825963 0.329701
vt 0.800834 0.244720
vt 0.809334 0.219247
vt 0.827204 0.216525
vt 0.799239 0.226895
vt 0.793313 0.255744
vt 0.762923 0.247796
vt 0.772720 0.264561
vt 0.767213 0.233825
vt 0.733126 0.277115
vt 0.745690 0.264009
vt 0.715673 0.248793
vt 0.710059 0.257848
vt 0.812180 0.262987
vt 0.778208 0.279591
vt 0.775361 0.295976
vt 0.758365 0.287487
vt 0.752303 0.308271
vt 0.738557 0.295922
vt 0.829044 0.260280
vt 0.823153 0.292462
vt 0.837392 0.282980
vt 0.241966 0.469840
vt 0.231795 0.454329
vt 0.245243 0.459731
vt 0.755802 0.331665
vt 0.776875 0.332850
vt 0.774148 0.355856
vt 0.794476 0.328096
vt 0.799630 0.342824
vt 0.797279 0.356872
vt 0.809738 0.309739
vt 0.786278 0.316077
vt 0.807476 0.326172
vt 0.797751 0.289582
vt 0.814167 0.340284
vt 0.826186 0.343665
vt 0.815553 0.358156
vt 0.808703 0.376193
vt 0.785196 0.374202
vt 0.832053 0.350902
vt 0.844930 0.349077
vt 0.845304 0.335782
vt 0.276442 0.082775
vt 0.299671 0.083234
vt 0.291957 0.094292
vt 0.276680 0.105496
vt 0.263706 0.100196
vt 0.269403 0.116165
vt 0.256266 0.109955
vt 0.256001 0.140320
vt 0.271992 0.140302
vt 0.284965 0.121001
vt 0.300818 0.106215
vt 0.300327 0.093174
vt 0.309828 0.092897
vt 0.258930 0.092701
vt 0.253009 0.102167
vt 0.276356 0.064110
vt 0.255926 0.088875
vt 0.344563 0.791774
vt 0.311491 0.060677
vt 0.240004 0.868727
vt 0.038142 0.011937
vt 0.801368 0.199576
vt 0.780610 0.216580
vt 0.750005 0.217072
vt 0.707817 0.222577
vt 0.740117 0.235942
vt 0.209936 0.462934
vt 0.218261 0.447743
vt 0.223156 0.464058
vt 0.219902 0.474316
vt 0.231740 0.479495
vt 0.232666 0.468274
vt 0.189522 0.463210
vt 0.191300 0.452255
vt 0.239557 0.479459
vt 0.741681 0.091667
vt 0.735678 0.093958
vt 0.737538 0.073366
vt 0.728272 0.074217
vt 0.727221 0.097261
vt 0.712952 0.090772
vt 0.327905 0.174238
vt 0.343750 0.216817
vt 0.327372 0.209631
vt 0.242085 0.445132
vt 0.740382 0.059045
vt 0.733568 0.062933
vt 0.316816 0.180051
vt 0.301605 0.181971
vt 0.294121 0.158073
vt 0.311580 0.200910
vt 0.280702 0.163594
vt 0.776666 0.176423
vt 0.791065 0.162360
vt 0.761904 0.144008
vt 0.226578 0.092197
vt 0.238944 0.100793
vt 0.234139 0.109001
vt 0.240729 0.082307
vt 0.717080 0.159600
vt 0.745679 0.176095
vt 0.724051 0.182436
vt 0.754609 0.193084
vt 0.735542 0.162230
vt 0.722102 0.219245
vt 0.725202 0.205127
vt 0.752931 0.150877
vt 0.770462 0.184233
vt 0.709538 0.206179
vt 0.707597 0.212945
vt 0.688157 0.216901
vt 0.679245 0.211466
vt 0.687946 0.210076
vt 0.221073 0.088254
vt 0.219555 0.097728
vt 0.757688 0.210926
vt 0.388081 0.251485
vt 0.389035 0.235526
vt 0.406296 0.249527
vt 0.374173 0.245458
vt 0.227594 0.082206
vt 0.701867 0.191215
vt 0.700450 0.182408
vt 0.720915 0.192407
vt 0.741404 0.116449
vt 0.730703 0.121502
vt 0.190367 0.018835
vt 0.209423 0.039005
vt 0.165231 0.025976
vt 0.166485 0.006588
vt 0.160356 0.011255
vt 0.709125 0.127103
vt 0.704867 0.143276
vt 0.699163 0.133304
vt 0.213291 0.065103
vt 0.200667 0.071648
vt 0.178138 0.046445
vt 0.567530 0.600559
vt 0.575521 0.588458
vt 0.585265 0.610746
vt 0.193198 0.062375
vt 0.591174 0.584399
vt 0.575481 0.573038
vt 0.587452 0.570695
vt 0.465606 0.250265
vt 0.446771 0.250399
vt 0.434083 0.241620
vt 0.595522 0.593757
vt 0.601681 0.611961
vt 0.834861 0.193365
vt 0.817196 0.165296
vt 0.837372 0.162581
vt 0.800648 0.136753
vt 0.819488 0.126413
vt 0.786597 0.113723
vt 0.806146 0.116310
vt 0.292598 0.440546
vt 0.296647 0.468104
vt 0.267302 0.443983
vt 0.272566 0.435050
vt 0.768717 0.023209
vt 0.777450 0.020415
vt 0.776518 0.045947
vt 0.793851 0.014196
vt 0.795711 0.065581
vt 0.773396 0.073828
vt 0.807191 0.090568
vt 0.773072 0.103139
vt 0.761010 0.080753
vt 0.759271 0.087592
vt 0.218226 0.023814
vt 0.209704 0.010843
vt 0.220039 0.015613
vt 0.203566 0.008255
vt 0.750898 0.084620
vt 0.188509 0.009576
vt 0.196242 0.006706
vt 0.755679 0.061318
vt 0.755105 0.034222
vt 0.676900 0.218568
vt 0.673773 0.208709
vt 0.223918 0.107203
vt 0.220400 0.113005
vt 0.218672 0.110861
vt 0.708148 0.164419
vt 0.706462 0.174826
vt 0.390376 0.201350
vt 0.346930 0.197941
vt 0.361509 0.222113
vt 0.370029 0.233800
vt 0.350529 0.156101
vt 0.306376 0.151341
vt 0.317537 0.131458
vt 0.789137 0.192092
vt 0.775751 0.202911
vt 0.821748 0.090562
vt 0.816690 0.067297
vt 0.803224 0.034116
vt 0.817426 0.024490
vt 0.295150 0.424121
vt 0.310122 0.437671
vt 0.268732 0.424596
vt 0.259901 0.437481
vt 0.846398 0.142524
vt 0.942448 0.975961
vt 0.935118 0.945771
vt 0.961336 0.973617
vt 0.845889 0.128988
vt 0.928768 0.977325
vt 0.913481 0.956301
vt 0.967951 0.987912
vt 0.905594 0.974921
vt 0.824684 0.105504
vt 0.886146 0.953799
vt 0.898226 0.953518
vt 0.815565 0.948378
vt 0.850019 0.952709
vt 0.822057 0.971439
vt 0.829966 0.055768
vt 0.861687 0.944302
vt 0.877544 0.937880
vt 0.884942 0.927999
vt 0.902565 0.941743
vt 0.890805 0.934355
vt 0.890585 0.945434
vt 0.893968 0.916965
vt 0.878741 0.910039
vt 0.862109 0.926498
vt 0.874307 0.922354
vt 0.906184 0.929204
vt 0.646954 0.486530
vt 0.638407 0.488522
vt 0.642409 0.468421
vt 0.633618 0.507038
vt 0.683262 0.472151
vt 0.980935 0.923256
vt 0.973925 0.940774
vt 0.959834 0.922139
vt 0.926653 0.932064
vt 0.954701 0.951484
vt 0.953557 0.931965
vt 0.015586 0.008948
vt 0.020987 0.006169
vt 0.023724 0.010765
vt 0.014352 0.004790
vt 0.899107 0.884769
vt 0.906615 0.881124
vt 0.910753 0.890954
vt 0.925763 0.886076
vt 0.896927 0.893314
vt 0.926208 0.898379
vt 0.945241 0.917149
vt 0.949550 0.904752
vt 0.915839 0.914592
vt 0.886650 0.891837
vt 0.868171 0.899404
vt 0.891969 0.877126
vt 0.858023 0.908228
vt 0.834924 0.895303
vt 0.829822 0.903707
vt 0.875725 0.885790
vt 0.870026 0.866440
vt 0.906467 0.874494
vt 0.832150 0.922240
vt 0.833770 0.934986
vt 0.829557 0.941289
vt 0.808312 0.929411
vt 0.811034 0.924414
vt 0.813605 0.914455
vt 0.790054 0.925263
vt 0.791794 0.922484
vt 0.896082 0.857540
vt 0.846813 0.870506
vt 0.856255 0.887535
vt 0.840148 0.880695
vt 0.629281 0.220970
vt 0.615482 0.217060
vt 0.604083 0.202336
vt 0.854531 0.841671
vt 0.981985 0.912175
vt 0.933936 0.875429
vt 0.968772 0.886445
vt 0.938133 0.864415
vt 0.907863 0.848484
vt 0.886845 0.838647
vt 0.889808 0.825684
vt 0.925794 0.855948
vt 0.914900 0.844161
vt 0.835132 0.827863
vt 0.858666 0.829650
vt 0.856327 0.819602
vt 0.828748 0.831969
vt 0.815445 0.820201
vt 0.825058 0.818386
vt 0.840212 0.849673
vt 0.666930 0.165405
vt 0.674039 0.159984
vt 0.677536 0.176530
vt 0.832989 0.812322
vt 0.647047 0.224650
vt 0.637729 0.229059
vt 0.640682 0.208012
vt 0.668904 0.199709
vt 0.660800 0.185289
vt 0.679167 0.193155
vt 0.639337 0.185829
vt 0.614199 0.178160
vt 0.648870 0.156107
vt 0.814193 0.968335
vt 0.810919 0.936815
vt 0.798368 0.941904
vt 0.789537 0.931247
vt 0.794942 0.917691
vt 0.599936 0.220948
vt 0.590695 0.234912
vt 0.582439 0.215590
vt 0.823844 0.005608
vt 0.826322 0.019355
vt 0.307019 0.405902
vt 0.317511 0.413036
vt 0.552110 0.230294
vt 0.543658 0.229447
vt 0.529688 0.213345
vt 0.556522 0.223906
vt 0.566609 0.239333
vt 0.805757 0.656276
vt 0.814659 0.650509
vt 0.824500 0.661464
vt 0.820811 0.678179
vt 0.835624 0.675429
vt 0.892420 0.681739
vt 0.888152 0.668128
vt 0.907452 0.666471
vt 0.876729 0.651344
vt 0.869665 0.674154
vt 0.848266 0.658373
vt 0.867187 0.645516
vt 0.958157 0.657102
vt 0.977307 0.645996
vt 0.980568 0.656447
vt 0.946102 0.669416
vt 0.899044 0.650260
vt 0.881262 0.641994
vt 0.956486 0.649215
vt 0.902010 0.641214
vt 0.924921 0.638320
vt 0.936612 0.627487
vt 0.961232 0.642495
vt 0.901461 0.830441
vt 0.928261 0.628518
vt 0.871004 0.814481
vt 0.876545 0.810378
vt 0.662292 0.146111
vt 0.638281 0.148238
vt 0.669853 0.134353
vt 0.680934 0.187275
vt 0.985446 0.658153
vt 0.964529 0.684137
vt 0.954144 0.680124
vt 0.979435 0.665681
vt 0.932874 0.687458
vt 0.688237 0.108407
vt 0.703053 0.116514
vt 0.684332 0.126213
vt 0.677364 0.107693
vt 0.658073 0.119531
vt 0.694513 0.084739
vt 0.709703 0.107211
vt 0.686814 0.087088
vt 0.676036 0.085767
vt 0.878225 0.689720
vt 0.850268 0.692662
vt 0.819969 0.702848
vt 0.885800 0.706223
vt 0.898916 0.713208
vt 0.914641 0.694696
vt 0.913657 0.728544
vt 0.917491 0.713647
vt 0.938457 0.738494
vt 0.968442 0.756977
vt 0.966270 0.768958
vt 0.925742 0.746838
vt 0.939198 0.724470
vt 0.113990 0.024604
vt 0.121471 0.023066
vt 0.138282 0.037933
vt 0.140619 0.032582
vt 0.116476 0.011690
vt 0.128105 0.008031
vt 0.950734 0.770684
vt 0.935107 0.775605
vt 0.911537 0.752334
vt 0.880241 0.713852
vt 0.892291 0.720232
vt 0.888192 0.726681
vt 0.878076 0.726749
vt 0.888750 0.744023
vt 0.895127 0.732613
vt 0.895271 0.745544
vt 0.890474 0.765044
vt 0.902205 0.765702
vt 0.903866 0.778420
vt 0.921421 0.771222
vt 0.930013 0.783885
vt 0.929785 0.795960
vt 0.910102 0.792171
vt 0.819749 0.713295
vt 0.837687 0.707586
vt 0.855095 0.723427
vt 0.876406 0.740430
vt 0.870103 0.758618
vt 0.904146 0.755422
vt 0.829952 0.728477
vt 0.816248 0.730420
vt 0.850813 0.759181
vt 0.878426 0.759850
vt 0.947090 0.779059
vt 0.957117 0.788341
vt 0.871492 0.781368
vt 0.831824 0.469462
vt 0.883511 0.777303
vt 0.882866 0.794203
vt 0.890911 0.799305
vt 0.892511 0.789762
vt 0.110374 0.033681
vt 0.114238 0.035362
vt 0.805266 0.736160
vt 0.813563 0.741980
vt 0.835325 0.766384
vt 0.851243 0.771014
vt 0.869387 0.791376
vt 0.900903 0.802308
vt 0.915730 0.800152
vt 0.943807 0.810172
vt 0.937992 0.802573
vt 0.951982 0.802705
vt 0.952399 0.794614
vt 0.016316 0.464671
vt 0.011734 0.469647
vt 0.007355 0.464371
vt 0.170234 0.789760
vt 0.189175 0.809580
vt 0.173391 0.812825
vt 0.174804 0.845399
vt 0.188626 0.842868
vt 0.206030 0.813281
vt 0.193306 0.784915
vt 0.195410 0.847318
vt 0.188721 0.865906
vt 0.173016 0.862756
vt 0.202055 0.902277
vt 0.207449 0.893496
vt 0.206873 0.921278
vt 0.214856 0.903662
vt 0.217383 0.910634
vt 0.216861 0.921248
vt 0.166570 0.834852
vt 0.163928 0.854329
vt 0.178976 0.882751
vt 0.160823 0.812938
vt 0.152424 0.839729
vt 0.154435 0.866988
vt 0.171028 0.884855
vt 0.163224 0.905944
vt 0.193227 0.915808
vt 0.200545 0.909940
vt 0.147971 0.791955
vt 0.160672 0.798301
vt 0.141369 0.801308
vt 0.119574 0.805235
vt 0.122961 0.813705
vt 0.101999 0.807043
vt 0.087159 0.830046
vt 0.088670 0.843659
vt 0.094315 0.855899
vt 0.053192 0.858511
vt 0.066160 0.870620
vt 0.056553 0.872437
vt 0.050615 0.885873
vt 0.051987 0.868874
vt 0.046588 0.890835
vt 0.087021 0.804893
vt 0.071402 0.827652
vt 0.084705 0.793809
vt 0.077907 0.799221
vt 0.071182 0.792501
vt 0.063508 0.819011
vt 0.045287 0.849870
vt 0.037489 0.846740
vt 0.048750 0.854566
vt 0.039698 0.863050
vt 0.029772 0.862949
vt 0.037084 0.887331
vt 0.039850 0.878424
vt 0.047568 0.905311
vt 0.053495 0.899938
vt 0.025307 0.885702
vt 0.024562 0.897635
vt 0.037184 0.908316
vt 0.126024 0.831264
vt 0.134959 0.844059
vt 0.097908 0.869932
vt 0.064594 0.883823
vt 0.073303 0.885786
vt 0.120513 0.866883
vt 0.067828 0.899801
vt 0.038371 0.917650
vt 0.145007 0.877901
vt 0.094584 0.890473
vt 0.126987 0.871857
vt 0.102241 0.900153
vt 0.089529 0.907038
vt 0.094963 0.941245
vt 0.070081 0.925729
vt 0.066124 0.933811
vt 0.032399 0.941369
vt 0.047913 0.922112
vt 0.048682 0.950613
vt 0.933937 0.701845
vt 0.961448 0.716824
vt 0.955789 0.704438
vt 0.952383 0.727527
vt 0.632200 0.405350
vt 0.641559 0.400042
vt 0.631532 0.417620
vt 0.623458 0.434295
vt 0.635434 0.430474
vt 0.644382 0.417711
vt 0.632971 0.443160
vt 0.629157 0.460176
vt 0.625945 0.457048
vt 0.696652 0.036966
vt 0.697309 0.044888
vt 0.676517 0.050350
vt 0.652138 0.428236
vt 0.650723 0.440720
vt 0.641603 0.442921
vt 0.009818 0.455996
vt 0.965603 0.697670
vt 0.967372 0.708749
vt 0.961065 0.694842
vt 0.705705 0.051492
vt 0.693665 0.060056
vt 0.683837 0.065247
vt 0.696068 0.072562
vt 0.132765 0.886773
vt 0.134777 0.912096
vt 0.150201 0.922937
vt 0.171938 0.935731
vt 0.104619 0.924666
vt 0.102816 0.939471
vt 0.073027 0.943027
vt 0.081644 0.955221
vt 0.066222 0.945615
vt 0.057800 0.977026
vt 0.121055 0.934837
vt 0.112961 0.942110
vt 0.119206 0.953569
vt 0.108046 0.957952
vt 0.099303 0.955743
vt 0.090410 0.964746
vt 0.074377 0.980431
vt 0.103840 0.977970
vt 0.141802 0.939285
vt 0.183184 0.955766
vt 0.174099 0.955392
vt 0.180547 0.931327
vt 0.164119 0.943538
vt 0.152312 0.954867
vt 0.173046 0.965934
vt 0.138713 0.957844
vt 0.115093 0.966181
vt 0.101350 0.969197
vt 0.117811 0.978850
vt 0.052362 0.960378
vt 0.055985 0.969058
vt 0.023236 0.914326
vt 0.016940 0.933000
vt 0.026549 0.936683
vt 0.014178 0.945516
vt 0.018452 0.952565
vt 0.025077 0.966419
vt 0.032414 0.974888
vt 0.047313 0.973765
vt 0.200009 0.415775
vt 0.207020 0.427647
vt 0.196262 0.431291
vt 0.223064 0.413978
vt 0.219203 0.423836
vt 0.231880 0.421636
vt 0.439823 0.582869
vt 0.429172 0.597504
vt 0.429628 0.587613
vt 0.035260 0.842151
vt 0.057415 0.811068
vt 0.341871 0.581104
vt 0.342352 0.568440
vt 0.378749 0.585614
vt 0.372300 0.627091
vt 0.423466 0.621015
vt 0.404689 0.588768
vt 0.431061 0.604768
vt 0.413706 0.595125
vt 0.453643 0.587277
vt 0.471929 0.576193
vt 0.475887 0.587032
vt 0.019027 0.910602
vt 0.011592 0.927103
vt 0.481662 0.577380
vt 0.496995 0.573057
vt 0.495617 0.582786
vt 0.468179 0.592331
vt 0.460697 0.602077
vt 0.478154 0.599090
vt 0.500264 0.600134
vt 0.438977 0.621991
vt 0.444096 0.609190
vt 0.462037 0.609735
vt 0.469789 0.619040
vt 0.449125 0.628005
vt 0.481205 0.609481
vt 0.428809 0.665905
vt 0.413455 0.666582
vt 0.449558 0.643437
vt 0.461367 0.643482
vt 0.470517 0.635373
vt 0.491801 0.612062
vt 0.499721 0.614673
vt 0.507325 0.577057
vt 0.462352 0.666523
vt 0.479166 0.650459
vt 0.485391 0.678607
vt 0.481049 0.662054
vt 0.501164 0.673937
vt 0.521935 0.675114
vt 0.507710 0.665801
vt 0.531425 0.686293
vt 0.545295 0.670204
vt 0.549147 0.689318
vt 0.544525 0.708292
vt 0.483285 0.638210
vt 0.501260 0.652033
vt 0.498958 0.636222
vt 0.521616 0.654010
vt 0.534204 0.660387
vt 0.554619 0.671653
vt 0.559359 0.691553
vt 0.531517 0.598363
vt 0.532600 0.623490
vt 0.544897 0.632939
vt 0.548432 0.585161
vt 0.015957 0.974864
vt 0.008450 0.962247
vt 0.006734 0.983993
vt 0.550372 0.602402
vt 0.540441 0.572440
vt 0.559801 0.634736
vt 0.500326 0.623233
vt 0.514076 0.619493
vt 0.525136 0.638661
vt 0.567189 0.634061
vt 0.558262 0.605170
vt 0.564821 0.664246
vt 0.569488 0.681933
vt 0.461561 0.678777
vt 0.474205 0.690487
vt 0.498304 0.695247
vt 0.520964 0.690490
vt 0.517519 0.695361
vt 0.528538 0.699701
vt 0.534681 0.711651
vt 0.442341 0.685460
vt 0.533112 0.725821
vt 0.525667 0.717979
vt 0.494786 0.703004
vt 0.455308 0.698695
vt 0.522962 0.698282
vt 0.429909 0.699233
vt 0.465072 0.708025
vt 0.497044 0.716234
vt 0.517879 0.714479
vt 0.522492 0.705519
vt 0.443819 0.714453
vt 0.432296 0.739101
vt 0.476258 0.715662
vt 0.502194 0.725289
vt 0.513597 0.735514
vt 0.517547 0.748302
vt 0.493267 0.740164
vt 0.468702 0.733390
vt 0.458518 0.743797
vt 0.465958 0.754834
vt 0.444211 0.749281
vt 0.432344 0.755412
vt 0.450398 0.766688
vt 0.484526 0.766585
vt 0.261724 0.194604
vt 0.465691 0.793105
vt 0.293121 0.234767
vt 0.281658 0.242815
vt 0.707768 0.017952
vt 0.717683 0.045045
vt 0.711615 0.043458
vt 0.723329 0.025562
vt 0.505560 0.211937
vt 0.500881 0.227703
vt 0.482549 0.229399
vt 0.538019 0.186380
vt 0.626547 0.123000
vt 0.583198 0.154603
vt 0.521935 0.193512
vt 0.454337 0.209904
vt 0.456106 0.183074
vt 0.402097 0.159654
vt 0.395775 0.122113
vt 0.369324 0.052270
vt 0.351500 0.105887
vt 0.327272 0.075196
vt 0.256318 0.854675
vt 0.255311 0.864194
vt 0.020153 0.039374
vt 0.072430 0.071695
vt 0.117977 0.099442
vt 0.154218 0.130614
vt 0.192653 0.126773
vt 0.213627 0.147974
vt 0.192522 0.157574
vt 0.225837 0.184442
vt 0.245808 0.206754
vt 0.270932 0.291103
vt 0.293092 0.280436
vt 0.297458 0.317920
vt 0.253056 0.275253
vt 0.312582 0.291786
vt 0.314044 0.314970
vt 0.303829 0.267876
vt 0.556274 0.712709
vt 0.313253 0.341052
vt 0.305875 0.353860
vt 0.286736 0.335441
vt 0.282256 0.365331
vt 0.265142 0.393248
vt 0.257507 0.384937
vt 0.265949 0.406229
vt 0.268318 0.399182
vt 0.203647 0.379190
vt 0.170501 0.411319
vt 0.156623 0.424888
vt 0.134786 0.413770
vt 0.102510 0.429887
vt 0.110261 0.450244
vt 0.093495 0.456215
vt 0.073971 0.452798
vt 0.074826 0.470663
vt 0.032754 0.406994
vt 0.045149 0.441268
vt 0.040062 0.458964
vt 0.020335 0.431349
vt 0.662601 0.066995
vt 0.645280 0.081115
vt 0.683110 0.023578
vt 0.641128 0.046651
vt 0.511385 0.151851
vt 0.620625 0.098811
vt 0.591710 0.103218
vt 0.564963 0.124544
vt 0.543555 0.087687
vt 0.596287 0.052026
vt 0.647923 0.030990
vt 0.631943 0.014977
vt 0.026916 0.380769
vt 0.057546 0.374180
vt 0.612203 0.026507
vt 0.573662 0.040519
vt 0.030910 0.358333
vt 0.065298 0.333531
vt 0.032277 0.339885
vt 0.434503 0.143311
vt 0.432167 0.084158
vt 0.471234 0.152345
vt 0.508541 0.051838
vt 0.461361 0.093644
vt 0.526271 0.129412
vt 0.497942 0.107055
vt 0.459218 0.115142
vt 0.439511 0.056910
vt 0.390253 0.076993
vt 0.467787 0.054536
vt 0.417477 0.029750
vt 0.364596 0.017838
vt 0.069320 0.180904
vt 0.031133 0.116327
vt 0.449391 0.023999
vt 0.489874 0.016181
vt 0.530993 0.020127
vt 0.067502 0.233632
vt 0.034512 0.254771
vt 0.027875 0.215550
vt 0.104896 0.290869
vt 0.034944 0.288572
vt 0.021978 0.189398
vt 0.106975 0.376797
vt 0.167576 0.371353
vt 0.102787 0.341301
vt 0.170243 0.297423
vt 0.135036 0.248532
vt 0.101805 0.208023
vt 0.092939 0.147545
vt 0.126823 0.146451
vt 0.171818 0.148005
vt 0.151617 0.197687
vt 0.206824 0.200566
vt 0.249647 0.368948
vt 0.220569 0.309883
vt 0.184011 0.263184
vt 0.257815 0.316460
vt 0.723974 0.820167
vt 0.605970 0.611051
vt 0.601630 0.616470
vt 0.212622 0.700359
vt 0.283156 0.771053
vt 0.144253 0.728857
vt 0.004500 0.771127
vt 0.212347 0.562960
vt 0.283045 0.492419
vt 0.240950 0.632104
vt 0.075059 0.563077
vt 0.046666 0.632119
vt 0.004430 0.492494
vt 0.075055 0.700506
vt 0.143331 0.534604
vt 0.964243 0.003802
vt 0.954767 0.281457
vt 0.954767 0.003802
vt 0.970534 0.290857
vt 0.961058 0.568513
vt 0.961058 0.290857
vt 0.971846 0.282035
vt 0.981322 0.004379
vt 0.981322 0.282035
vt 0.978132 0.569091
vt 0.987608 0.291435
vt 0.987608 0.569091
vt 0.905212 0.290875
vt 0.947167 0.004384
vt 0.947167 0.290875
vt 0.903910 0.299302
vt 0.861955 0.585793
vt 0.861955 0.299302
vt 0.613831 0.269411
vt 0.327034 0.556421
vt 0.326955 0.269450
vt 0.953463 0.299302
vt 0.911508 0.585793
vt 0.911508 0.299302
vt 0.855657 0.290875
vt 0.897612 0.004384
vt 0.897612 0.290875
vt 0.713926 0.329337
vt 0.725205 0.642881
vt 0.809653 0.626934
vt 0.786562 0.629652
vt 0.802240 0.636062
vt 0.694257 0.684913
vt 0.353099 0.241785
vt 0.345381 0.249799
vt 0.308751 0.246647
vt 0.653937 0.395110
vt 0.725712 0.701007
vt 0.682038 0.430966
vt 0.473905 0.971179
vt 0.489668 0.972457
vt 0.540499 0.942097
vt 0.719339 0.299552
vt 0.742261 0.525333
vt 0.720503 0.517180
vt 0.746323 0.515866
vt 0.770008 0.523683
vt 0.806493 0.531027
vt 0.788308 0.444081
vt 0.675582 0.339410
vt 0.854374 0.591359
vt 0.847873 0.584311
vt 0.835512 0.583382
vt 0.623595 0.336519
vt 0.550455 0.805374
vt 0.519101 0.245640
vt 0.347858 0.864143
vt 0.421656 0.920828
vt 0.572197 0.703496
vt 0.577060 0.703625
vt 0.844842 0.360611
vt 0.356087 0.956083
vt 0.564781 0.769889
vt 0.143566 0.444212
vt 0.130361 0.472851
vt 0.128647 0.456548
vt 0.619565 0.802514
vt 0.625371 0.815635
vt 0.659609 0.728204
vt 0.623263 0.648364
vt 0.633469 0.656248
vt 0.703569 0.774348
vt 0.590392 0.664289
vt 0.732511 0.861175
vt 0.228893 0.137875
vt 0.792603 0.908267
vt 0.257696 0.165189
vt 0.761658 0.786014
vt 0.296625 0.694146
vt 0.371615 0.785721
vt 0.380119 0.650155
vt 0.241285 0.934389
vt 0.558997 0.845162
vt 0.160561 0.047976
vt 0.166684 0.059593
vt 0.669620 0.904158
vt 0.233020 0.914299
vt 0.215131 0.122610
vt 0.813969 0.892643
vt 0.845687 0.313649
vt 0.713043 0.272131
vt 0.827828 0.406427
vt 0.816022 0.405133
vt 0.798575 0.409455
vt 0.253260 0.096376
vt 0.275966 0.026267
vt 0.262758 0.028374
vt 0.262785 0.853291
vt 0.709624 0.233650
vt 0.716268 0.079548
vt 0.240553 0.480905
vt 0.722689 0.283745
vt 0.742880 0.066762
vt 0.349825 0.221837
vt 0.345692 0.223020
vt 0.727668 0.291223
vt 0.772742 0.132287
vt 0.684423 0.219207
vt 0.762150 0.109734
vt 0.200140 0.049709
vt 0.725116 0.137108
vt 0.157910 0.017797
vt 0.584426 0.616794
vt 0.601809 0.574738
vt 0.436957 0.253466
vt 0.460039 0.255133
vt 0.722495 0.016472
vt 0.743368 0.013284
vt 0.678628 0.206646
vt 0.671386 0.211306
vt 0.671468 0.222265
vt 0.674269 0.233775
vt 0.684358 0.232424
vt 0.706436 0.153250
vt 0.419866 0.250234
vt 0.241430 0.111125
vt 0.804043 0.004151
vt 0.974344 0.980151
vt 0.838900 0.107891
vt 0.835902 0.088729
vt 0.887826 0.964543
vt 0.850387 0.966457
vt 0.005572 0.012263
vt 0.005701 0.004935
vt 0.604705 0.213591
vt 0.819609 0.907567
vt 0.985860 0.902114
vt 0.954736 0.867225
vt 0.815792 0.831811
vt 0.582531 0.235984
vt 0.594735 0.255357
vt 0.594231 0.252211
vt 0.597343 0.252362
vt 0.599221 0.235622
vt 0.806829 0.982397
vt 0.751708 0.019562
vt 0.725899 0.043786
vt 0.965651 0.631263
vt 0.948339 0.616724
vt 0.698499 0.123037
vt 0.884442 0.816243
vt 0.684671 0.192363
vt 0.985232 0.647685
vt 0.976500 0.673842
vt 0.955915 0.687964
vt 0.814447 0.679253
vt 0.144965 0.017336
vt 0.132427 0.003801
vt 0.975452 0.758165
vt 0.979217 0.763854
vt 0.956463 0.737789
vt 0.655197 0.381837
vt 0.631070 0.376131
vt 0.879011 0.799632
vt 0.184437 0.784395
vt 0.185970 0.882849
vt 0.196866 0.868864
vt 0.198212 0.890126
vt 0.036241 0.474612
vt 0.030193 0.879893
vt 0.082523 0.884325
vt 0.959607 0.731038
vt 0.625941 0.449127
vt 0.697114 0.025267
vt 0.648294 0.448564
vt 0.975014 0.707452
vt 0.193226 0.948534
vt 0.045764 0.481953
vt 0.073060 0.478881
vt 0.085428 0.475103
vt 0.183051 0.426000
vt 0.028552 0.909271
vt 0.011988 0.933527
vt 0.204487 0.436054
vt 0.419865 0.586483
vt 0.323544 0.573350
vt 0.453312 0.569881
vt 0.247885 0.419193
vt 0.553936 0.579672
vt 0.571806 0.665878
vt 0.708546 0.007488
vt 0.724815 0.008653
vt 0.326279 0.033411
vt 0.018381 0.089404
vt 0.008862 0.040365
vt 0.566402 0.694546
vt 0.292862 0.372088
vt 0.306822 0.365389
vt 0.254531 0.404981
vt 0.157810 0.435192
vt 0.143344 0.434996
vt 0.121593 0.442247
vt 0.665115 0.010125
vt 0.312423 0.579393
vt 0.964243 0.281657
vt 0.970534 0.568713
vt 0.971846 0.004179
vt 0.978132 0.291235
vt 0.905212 0.004176
vt 0.903910 0.586000
vt 0.613910 0.556382
vt 0.953463 0.585759
vt 0.855657 0.004418
s 1
usemtl lion_head
f 2/1/1 3/2/2 1/3/3
f 627/4/4 4/5/5 3/2/2
f 4/5/5 11/6/6 3/2/2
f 8/7/7 1073/8/8 628/9/9
f 1073/10/8 1074/11/10 628/12/9
f 8/7/7 5/13/11 1073/14/8
f 630/15/12 628/9/9 7/16/13
f 9/17/14 5/18/11 631/19/15
f 631/19/15 6/20/16 640/21/17
f 6/20/16 5/18/11 629/22/18
f 632/23/19 635/24/20 4/5/5
f 4/5/5 636/25/21 11/6/6
f 1074/11/10 1075/26/22 635/24/20
f 1073/10/8 9/17/14 1075/26/22
f 636/25/21 637/27/23 12/28/24
f 635/24/20 637/27/23 636/25/21
f 646/29/25 637/27/23 1075/26/22
f 646/29/25 631/19/15 638/30/26
f 631/19/15 640/21/17 639/31/27
f 1074/11/10 633/32/28 7/33/13
f 633/32/28 16/34/29 7/33/13
f 7/33/13 16/34/29 640/21/17
f 7/33/13 640/21/17 6/20/16
f 23/35/30 641/36/31 634/37/32
f 634/37/32 633/32/28 1076/38/33
f 1076/38/33 632/23/19 4/5/5
f 10/39/34 15/40/35 23/41/30
f 16/34/29 24/42/36 13/43/37
f 24/42/36 17/44/38 13/43/37
f 644/45/39 17/44/38 643/46/40
f 637/27/23 645/47/41 1077/48/42
f 646/29/25 645/47/41 637/27/23
f 12/28/24 1077/48/42 19/49/43
f 646/29/25 638/30/26 647/50/44
f 647/50/44 639/31/27 644/51/39
f 640/52/17 644/53/39 639/54/27
f 649/55/45 648/56/46 645/47/41
f 649/55/45 20/57/47 648/56/46
f 648/56/46 21/58/48 19/49/43
f 647/50/44 649/55/45 646/29/25
f 26/59/49 24/42/36 655/60/50
f 655/60/50 23/35/30 650/61/51
f 25/62/52 650/63/51 15/40/35
f 28/64/53 651/65/54 29/66/55
f 32/67/56 1078/68/57 83/69/58
f 1078/68/57 1/3/3 1084/70/59
f 83/71/58 651/65/54 32/72/56
f 32/72/56 28/64/53 33/73/60
f 33/73/60 28/64/53 15/40/35
f 15/40/35 28/64/53 25/62/52
f 33/73/60 15/40/35 642/74/61
f 34/75/62 2/1/1 35/76/63
f 35/76/63 2/1/1 1078/68/57
f 34/77/62 652/78/64 33/79/60
f 34/77/62 653/80/65 652/78/64
f 652/78/64 32/81/56 33/79/60
f 35/82/63 653/80/65 34/77/62
f 651/65/54 31/83/66 29/66/55
f 25/62/52 29/66/55 654/84/67
f 656/85/68 36/86/69 27/87/70
f 650/61/51 27/88/70 37/89/71
f 38/90/72 743/91/73 17/92/38
f 1079/93/74 31/83/66 30/94/75
f 29/66/55 1079/93/74 654/84/67
f 654/84/67 1079/93/74 39/95/76
f 656/85/68 654/84/67 39/95/76
f 93/96/77 40/97/78 30/98/75
f 40/97/78 42/99/79 30/98/75
f 42/99/79 41/100/80 44/101/81
f 39/102/76 1079/103/74 45/104/82
f 1079/103/74 42/99/79 658/105/83
f 45/104/82 659/106/84 657/107/85
f 45/104/82 658/105/83 659/106/84
f 51/108/86 657/107/85 47/109/87
f 43/110/88 48/111/89 44/101/81
f 44/101/81 48/111/89 660/112/90
f 659/106/84 49/113/91 657/107/85
f 46/114/92 50/115/93 36/116/69
f 51/108/86 47/109/87 661/117/94
f 661/117/94 662/118/95 53/119/96
f 54/120/97 8/7/7 628/9/9
f 630/15/12 5/13/11 54/120/97
f 628/9/9 630/15/12 54/120/97
f 3/2/2 55/121/98 1/3/3
f 11/6/6 663/122/99 3/2/2
f 58/123/100 1080/124/101 666/125/102
f 667/126/103 665/127/104 1080/124/101
f 1080/128/101 63/129/105 59/130/106
f 62/131/107 61/132/108 666/125/102
f 60/133/109 62/134/107 695/135/110
f 665/127/104 667/136/103 695/137/110
f 667/138/103 59/130/106 65/139/111
f 60/133/109 667/138/103 671/140/112
f 60/133/109 695/135/110 667/138/103
f 61/141/108 60/133/109 66/142/113
f 58/143/100 61/141/108 668/144/114
f 66/142/113 668/144/114 61/141/108
f 664/145/115 668/144/114 57/146/116
f 12/28/24 669/147/117 11/6/6
f 12/28/24 670/148/118 669/147/117
f 669/147/117 670/148/118 63/129/105
f 65/139/111 59/130/106 678/149/119
f 72/150/120 60/133/109 671/140/112
f 676/151/121 671/140/112 65/139/111
f 70/152/122 56/153/123 674/154/124
f 674/154/124 56/153/123 668/144/114
f 67/155/125 668/144/114 66/142/113
f 675/156/126 70/152/122 67/155/125
f 71/157/127 672/158/128 1082/159/129
f 1085/160/130 675/161/126 672/158/128
f 74/162/131 671/140/112 676/151/121
f 677/163/132 670/148/118 12/28/24
f 19/49/43 677/163/132 12/28/24
f 76/164/133 68/165/134 670/148/118
f 69/166/135 68/165/134 678/149/119
f 75/167/136 65/139/111 679/168/137
f 73/169/138 676/151/121 75/167/136
f 19/49/43 21/58/48 77/170/139
f 680/171/140 76/164/133 78/172/141
f 1082/173/129 673/174/142 72/150/120
f 81/175/143 1083/176/144 87/177/145
f 82/178/146 80/179/147 81/175/143
f 30/180/75 83/181/58 686/182/148
f 85/183/149 83/181/58 84/184/150
f 80/179/147 82/178/146 85/183/149
f 71/157/127 80/179/147 85/183/149
f 1085/185/130 85/186/149 86/187/151
f 70/188/122 675/189/126 86/187/151
f 55/121/98 86/190/151 682/191/152
f 683/192/153 685/193/154 84/194/150
f 84/194/150 685/193/154 85/186/149
f 86/187/151 684/195/155 682/196/152
f 684/195/155 685/193/154 682/196/152
f 686/182/148 82/178/146 81/175/143
f 88/197/156 87/177/145 89/198/157
f 87/177/145 1083/176/144 89/198/157
f 434/199/158 681/200/159 90/201/160
f 91/202/161 72/150/120 74/162/131
f 93/203/77 686/182/148 687/204/162
f 87/177/145 687/204/162 81/175/143
f 95/205/163 87/177/145 88/197/156
f 690/206/164 688/207/165 40/97/78
f 690/206/164 689/208/166 688/207/165
f 688/207/165 43/110/88 41/100/80
f 92/209/167 690/206/164 687/210/162
f 40/97/78 687/210/162 690/206/164
f 94/211/168 690/206/164 96/212/169
f 95/213/163 691/214/170 690/206/164
f 691/214/170 96/212/169 690/206/164
f 689/208/166 48/215/89 43/216/88
f 689/208/166 43/110/88 688/207/165
f 96/212/169 97/217/171 94/211/168
f 692/218/172 97/217/171 96/212/169
f 94/211/168 97/217/171 689/208/166
f 694/219/173 97/217/171 692/218/172
f 98/220/174 88/197/156 89/198/157
f 693/221/175 691/214/170 98/222/174
f 693/221/175 460/223/176 53/224/96
f 49/225/91 48/215/89 52/226/177
f 52/226/177 97/217/171 694/219/173
f 665/127/104 695/137/110 1080/124/101
f 697/227/178 102/228/179 700/229/180
f 111/230/181 102/228/179 110/231/182
f 701/232/183 100/233/184 110/231/182
f 1086/234/185 100/233/184 698/235/186
f 699/236/187 703/237/188 105/238/189
f 697/227/178 22/239/190 110/231/182
f 20/57/47 22/240/190 697/241/178
f 20/57/47 697/241/178 696/242/191
f 100/233/184 104/243/192 698/235/186
f 104/243/192 129/244/193 698/235/186
f 105/238/189 702/245/194 699/236/187
f 699/236/187 702/245/194 101/246/195
f 723/247/196 1088/248/197 100/233/184
f 100/233/184 1088/248/197 111/230/181
f 714/249/198 704/250/199 713/251/200
f 713/251/200 647/252/44 107/253/201
f 705/254/202 647/50/44 644/51/39
f 644/53/39 708/255/203 709/256/204
f 106/257/205 104/243/192 1087/258/206
f 108/259/207 104/243/192 710/260/208
f 113/261/209 706/262/210 712/263/211
f 129/244/193 104/243/192 721/264/212
f 716/265/213 129/244/193 721/264/212
f 721/264/212 104/243/192 108/259/207
f 710/260/208 712/263/211 711/266/214
f 714/249/198 713/251/200 1087/258/206
f 1087/258/206 713/251/200 113/261/209
f 1087/258/206 113/261/209 106/257/205
f 1088/248/197 112/267/215 700/229/180
f 110/231/182 714/249/198 701/232/183
f 1089/268/216 114/269/217 709/256/204
f 114/269/217 712/263/211 709/256/204
f 717/270/218 707/271/219 643/272/40
f 717/273/218 643/274/40 119/275/220
f 120/276/221 119/275/220 18/277/222
f 120/276/221 18/277/222 17/92/38
f 735/278/223 17/92/38 121/279/224
f 1089/268/216 122/280/225 115/281/226
f 115/281/226 123/282/227 116/283/228
f 116/283/228 124/284/229 117/285/230
f 124/284/229 125/286/231 117/285/230
f 711/266/214 716/265/213 109/287/232
f 715/288/233 716/265/213 711/266/214
f 715/288/233 114/269/217 718/289/234
f 118/290/235 715/288/233 718/289/234
f 718/289/234 115/281/226 116/283/228
f 718/289/234 116/283/228 1090/291/236
f 1090/291/236 117/285/230 719/292/237
f 720/293/238 716/265/213 118/290/235
f 108/259/207 109/287/232 721/264/212
f 716/265/213 721/264/212 109/287/232
f 108/259/207 711/266/214 109/287/232
f 702/245/194 132/294/239 101/246/195
f 103/295/240 101/246/195 133/296/241
f 101/246/195 727/297/242 133/296/241
f 703/237/188 722/298/243 723/247/196
f 134/299/244 288/300/245 135/301/246
f 137/302/247 134/303/244 725/304/248
f 728/305/249 727/297/242 726/306/250
f 132/294/239 131/307/251 726/306/250
f 140/308/252 142/309/253 1091/310/254
f 140/308/252 141/311/255 142/309/253
f 144/312/256 729/313/257 131/307/251
f 730/314/258 118/290/235 127/315/259
f 145/316/260 128/317/261 797/318/262
f 138/319/263 725/304/248 728/305/249
f 725/304/248 724/320/264 728/305/249
f 126/321/265 726/306/250 146/322/266
f 729/313/257 1091/310/254 139/323/267
f 1091/310/254 142/309/253 731/324/268
f 147/325/269 1091/310/254 731/324/268
f 717/273/218 119/275/220 148/326/270
f 122/280/225 733/327/271 123/282/227
f 123/282/227 733/327/271 125/286/231
f 125/328/231 149/329/272 117/330/230
f 148/326/270 119/275/220 736/331/273
f 733/332/271 736/331/273 150/333/274
f 1092/334/275 150/333/274 157/335/276
f 125/328/231 1092/334/275 149/329/272
f 150/333/274 735/278/223 153/336/277
f 157/335/276 150/333/274 153/336/277
f 153/336/277 739/337/278 157/335/276
f 153/338/277 154/339/279 739/340/278
f 153/336/277 155/341/280 156/342/281
f 156/343/281 740/344/282 154/339/279
f 151/345/283 737/346/284 152/347/285
f 159/348/286 739/349/278 738/350/287
f 740/344/282 158/351/288 159/348/286
f 742/352/289 156/342/281 155/341/280
f 742/352/289 155/341/280 161/353/290
f 155/341/280 121/279/224 163/354/291
f 121/279/224 153/336/277 735/278/223
f 161/353/290 163/354/291 162/355/292
f 743/91/73 163/354/291 17/92/38
f 167/356/293 171/357/294 168/358/295
f 38/90/72 169/359/296 743/91/73
f 743/91/73 169/359/296 162/355/292
f 26/360/49 166/361/297 24/362/36
f 165/363/298 167/356/293 168/358/295
f 24/362/36 164/364/299 38/90/72
f 166/361/297 745/365/300 24/362/36
f 24/362/36 745/365/300 164/364/299
f 169/359/296 164/364/299 170/366/301
f 173/367/302 169/359/296 170/366/301
f 170/366/301 164/364/299 165/363/298
f 162/355/292 746/368/303 161/353/290
f 173/367/302 172/369/304 169/359/296
f 746/368/303 747/370/305 161/353/290
f 172/369/304 747/370/305 746/368/303
f 172/369/304 180/371/306 747/370/305
f 750/372/307 179/373/308 206/374/309
f 178/375/310 750/372/307 177/376/311
f 748/377/312 749/378/313 1093/379/314
f 175/380/315 1093/379/314 176/381/316
f 742/352/289 747/370/305 174/382/317
f 747/370/305 180/371/306 183/383/318
f 748/377/312 174/382/317 183/383/318
f 748/377/312 183/383/318 749/378/313
f 173/367/302 170/366/301 184/384/319
f 181/385/320 184/384/319 182/386/321
f 184/384/319 753/387/322 182/386/321
f 171/357/294 185/388/323 168/358/295
f 165/363/298 168/358/295 185/388/323
f 752/389/324 171/357/294 744/390/325
f 752/389/324 744/390/325 37/391/71
f 187/392/326 184/384/319 170/366/301
f 186/393/327 187/394/326 188/395/328
f 186/393/327 188/395/328 189/396/329
f 188/395/328 185/397/323 193/398/330
f 193/398/330 185/397/323 190/399/331
f 185/388/323 171/357/294 190/400/331
f 190/400/331 171/357/294 768/401/332
f 749/378/313 181/385/320 182/386/321
f 749/378/313 182/386/321 177/376/311
f 753/387/322 751/402/333 192/403/334
f 189/396/329 754/404/335 186/393/327
f 189/396/329 193/398/330 756/405/336
f 754/404/335 189/396/329 192/406/334
f 767/407/337 189/396/329 756/405/336
f 189/396/329 767/407/337 192/406/334
f 767/407/337 756/405/336 195/408/338
f 198/409/339 202/410/340 200/411/341
f 199/412/342 196/413/343 197/414/344
f 198/409/339 196/413/343 199/412/342
f 201/415/345 178/375/310 177/376/311
f 200/411/341 203/416/346 201/415/345
f 203/416/346 202/410/340 205/417/347
f 205/417/347 204/418/348 203/416/346
f 206/374/309 203/416/346 758/419/349
f 206/374/309 758/419/349 267/420/350
f 759/421/351 202/410/340 207/422/352
f 207/422/352 202/410/340 198/409/339
f 202/410/340 759/421/351 205/417/347
f 1094/423/353 205/417/347 209/424/354
f 1094/425/353 209/426/354 212/427/355
f 1095/428/356 205/417/347 759/421/351
f 209/424/354 761/429/357 210/430/358
f 211/431/359 213/432/360 210/430/358
f 208/433/361 212/427/355 214/434/362
f 213/435/360 211/436/359 764/437/363
f 211/438/359 215/439/364 764/440/363
f 207/422/352 198/409/339 199/412/342
f 759/421/351 207/422/352 761/429/357
f 207/422/352 216/441/365 217/442/366
f 207/422/352 217/442/366 761/429/357
f 220/443/367 755/444/368 767/407/337
f 220/445/367 190/399/331 768/446/332
f 219/447/369 755/448/368 194/449/370
f 194/449/370 755/448/368 220/450/367
f 772/451/371 219/447/369 194/449/370
f 222/452/372 768/401/332 223/453/373
f 222/452/372 194/449/370 768/401/332
f 769/454/374 37/391/71 36/455/69
f 752/389/324 37/391/71 769/454/374
f 770/456/375 752/389/324 769/454/374
f 224/457/376 770/456/375 36/455/69
f 224/457/376 36/455/69 50/458/93
f 770/459/375 224/460/376 771/461/377
f 223/453/373 771/462/377 222/452/372
f 772/463/371 221/464/378 773/465/379
f 766/466/380 773/465/379 225/467/381
f 270/468/382 216/441/365 218/469/383
f 218/469/383 199/412/342 766/470/380
f 772/471/371 197/414/344 196/413/343
f 216/441/365 814/472/384 217/442/366
f 217/442/366 814/472/384 774/473/385
f 774/473/385 272/474/386 210/430/358
f 775/475/387 273/476/388 225/467/381
f 773/465/379 775/475/387 225/467/381
f 775/475/387 765/477/389 273/476/388
f 1096/478/390 51/479/86 230/480/391
f 230/480/391 229/481/392 1096/478/390
f 777/482/393 51/479/86 661/483/94
f 229/481/392 242/484/394 785/485/395
f 1097/486/396 229/481/392 230/480/391
f 1097/486/396 778/487/397 234/488/398
f 232/489/399 1097/486/396 779/490/400
f 778/487/397 1098/491/401 781/492/402
f 778/487/397 230/480/391 1098/491/401
f 1098/491/401 51/479/86 777/482/393
f 274/493/403 661/483/94 53/494/96
f 777/482/393 237/495/404 781/492/402
f 781/492/402 782/496/405 238/497/406
f 224/460/376 785/485/395 239/498/407
f 231/499/408 232/489/399 787/500/409
f 788/501/410 233/502/411 240/503/412
f 791/504/413 228/505/414 227/506/415
f 241/507/416 790/508/417 791/504/413
f 786/509/418 229/481/392 231/499/408
f 241/507/416 784/510/419 789/511/420
f 789/511/420 787/500/409 788/501/410
f 737/346/284 160/512/421 243/513/422
f 160/512/421 175/380/315 243/513/422
f 226/514/423 242/484/394 784/510/419
f 239/498/407 771/461/377 224/460/376
f 239/498/407 792/515/424 771/461/377
f 242/484/394 226/514/423 239/498/407
f 226/514/423 775/475/387 239/498/407
f 243/513/422 793/516/425 244/517/426
f 244/517/426 793/516/425 795/518/427
f 243/513/422 176/381/316 793/516/425
f 793/516/425 750/372/307 795/518/427
f 794/519/428 750/372/307 206/374/309
f 794/519/428 206/374/309 808/520/429
f 243/513/422 246/521/430 249/522/431
f 243/513/422 249/522/431 737/346/284
f 246/521/430 244/517/426 1099/523/432
f 246/521/430 243/513/422 244/517/426
f 795/518/427 794/519/428 807/524/433
f 145/316/260 797/318/262 143/525/434
f 142/309/253 145/316/260 143/525/434
f 147/325/269 796/526/435 250/527/436
f 797/318/262 128/317/261 719/292/237
f 251/528/437 117/330/230 798/529/438
f 798/529/438 117/330/230 149/329/272
f 798/529/438 149/329/272 799/530/439
f 799/530/439 252/531/440 803/532/441
f 799/530/439 734/533/442 252/531/440
f 252/531/440 734/533/442 1100/534/443
f 734/533/442 254/535/444 1100/534/443
f 152/347/285 245/536/445 254/535/444
f 252/531/440 1100/534/443 253/537/446
f 255/538/447 1100/534/443 254/535/444
f 245/536/445 246/521/430 802/539/448
f 260/540/449 256/541/450 261/542/451
f 260/543/449 800/544/452 253/537/446
f 800/545/452 259/546/453 258/547/454
f 801/548/455 1101/549/456 257/550/457
f 257/550/457 1101/549/456 802/539/448
f 261/542/451 801/548/455 260/540/449
f 254/535/444 802/539/448 1101/549/456
f 802/539/448 246/521/430 1099/523/432
f 257/550/457 248/551/458 247/552/459
f 253/537/446 800/544/452 252/531/440
f 800/545/452 1152/553/460 803/554/441
f 800/545/452 803/554/441 252/555/440
f 799/556/439 262/557/461 263/558/462
f 798/559/438 799/560/439 251/561/437
f 804/562/463 806/563/464 1102/564/465
f 143/525/434 1102/565/465 796/526/435
f 797/318/262 1102/565/465 143/525/434
f 805/566/466 796/567/435 1102/564/465
f 247/552/459 248/551/458 807/524/433
f 1102/564/465 806/563/464 265/568/467
f 805/566/466 265/568/467 266/569/468
f 1040/570/469 806/563/464 263/558/462
f 806/563/464 251/561/437 263/558/462
f 807/524/433 794/519/428 808/520/429
f 247/571/459 807/572/433 267/573/350
f 809/574/470 789/511/420 788/501/410
f 790/508/417 810/575/471 228/505/414
f 790/508/417 811/576/472 812/577/473
f 790/508/417 812/577/473 810/575/471
f 810/575/471 268/578/474 815/579/475
f 1103/580/476 268/578/474 813/581/477
f 215/439/364 1103/580/476 763/582/478
f 211/431/359 272/474/386 215/583/364
f 273/476/388 227/506/415 815/579/475
f 270/584/382 1103/580/476 814/585/384
f 270/584/382 776/586/479 1103/580/476
f 814/585/384 1103/580/476 271/587/480
f 273/476/388 815/579/475 776/586/479
f 271/588/480 272/474/386 774/473/385
f 775/475/387 221/464/378 792/515/424
f 792/515/424 221/464/378 222/589/372
f 775/475/387 773/465/379 221/464/378
f 765/477/389 227/506/415 273/476/388
f 274/493/403 1011/590/481 535/591/482
f 535/591/482 1011/590/481 1012/592/483
f 535/591/482 1012/592/483 536/593/484
f 817/594/485 780/595/486 236/596/487
f 779/490/400 234/488/398 780/595/486
f 697/597/178 136/598/488 696/599/191
f 136/598/488 818/600/489 696/599/191
f 819/601/490 820/602/491 21/603/48
f 819/601/490 276/604/492 820/602/491
f 280/605/493 278/606/494 819/601/490
f 280/605/493 825/607/495 278/606/494
f 819/601/490 822/608/496 276/604/492
f 825/607/495 283/609/497 827/610/498
f 825/607/495 827/610/498 278/606/494
f 827/610/498 279/611/499 278/606/494
f 283/609/497 1104/612/500 279/611/499
f 823/613/501 861/614/502 825/607/495
f 861/614/502 830/615/503 824/616/504
f 824/616/504 277/617/505 826/618/506
f 823/613/501 648/619/46 821/620/507
f 819/601/490 648/619/46 823/613/501
f 648/619/46 20/621/47 821/620/507
f 305/622/508 1104/623/500 306/624/509
f 20/621/47 696/599/191 821/620/507
f 831/625/510 284/626/511 285/627/512
f 284/626/511 1105/628/513 285/627/512
f 285/627/512 286/629/514 835/630/515
f 828/631/516 1105/628/513 829/632/517
f 832/633/518 818/600/489 286/629/514
f 833/634/519 829/632/517 830/615/503
f 830/615/503 829/632/517 284/626/511
f 832/633/518 828/631/516 696/599/191
f 834/635/520 290/636/521 836/637/522
f 835/630/515 834/635/520 836/637/522
f 835/630/515 286/629/514 834/635/520
f 834/635/520 818/600/489 290/636/521
f 1071/638/523 835/630/515 836/637/522
f 835/630/515 287/639/524 285/627/512
f 1106/640/525 723/641/196 135/301/246
f 290/636/521 112/642/215 1106/640/525
f 1106/640/525 112/642/215 723/641/196
f 295/643/526 296/644/527 293/645/528
f 295/643/526 292/646/529 837/647/530
f 837/647/530 291/648/531 289/649/532
f 292/646/529 291/648/531 837/647/530
f 1071/650/523 291/648/531 287/651/524
f 291/648/531 292/646/529 838/652/533
f 838/652/533 293/645/528 297/653/534
f 838/652/533 292/646/529 293/645/528
f 297/653/534 839/654/535 294/655/536
f 839/654/535 296/644/527 294/655/536
f 840/656/537 837/647/530 289/657/532
f 126/658/265 840/656/537 138/659/263
f 138/319/263 840/660/537 137/302/247
f 840/656/537 126/658/265 295/643/526
f 295/643/526 126/658/265 298/661/538
f 726/306/250 147/325/269 146/322/266
f 147/325/269 250/527/436 266/662/468
f 250/663/436 805/566/466 266/569/468
f 349/664/539 820/602/491 852/665/540
f 852/665/540 276/604/492 822/608/496
f 852/665/540 822/608/496 300/666/541
f 846/667/542 845/668/543 279/611/499
f 1107/669/544 279/670/499 847/671/545
f 303/672/546 1107/669/544 308/673/547
f 847/671/545 279/670/499 302/674/548
f 1107/669/544 304/675/549 846/676/542
f 308/673/547 847/671/545 281/677/550
f 848/678/551 307/679/552 306/680/509
f 303/681/546 306/680/509 307/679/552
f 303/681/546 307/679/552 849/682/553
f 303/681/546 849/682/553 304/683/549
f 1112/684/554 850/685/555 826/686/506
f 848/687/551 306/624/509 1104/623/500
f 282/688/556 306/680/509 308/689/547
f 1111/690/557 831/691/510 1108/692/558
f 826/686/506 277/693/505 1111/690/557
f 831/691/510 285/694/512 1108/692/558
f 287/651/524 1108/692/558 285/694/512
f 299/695/559 854/696/560 349/664/539
f 299/695/559 856/697/561 854/696/560
f 1072/698/562 311/699/563 858/700/564
f 311/699/563 1072/698/562 310/701/565
f 314/702/566 312/703/567 857/704/568
f 312/703/567 324/705/569 857/704/568
f 313/706/570 312/703/567 314/702/566
f 300/666/541 845/668/543 301/707/571
f 309/708/572 300/666/541 301/707/571
f 312/703/567 315/709/573 299/695/559
f 313/706/570 315/709/573 312/703/567
f 312/703/567 299/695/559 844/710/574
f 310/711/565 301/707/571 846/712/542
f 314/713/566 345/714/575 858/715/564
f 323/716/576 1072/698/562 344/717/577
f 324/705/569 852/665/540 851/718/578
f 310/719/565 877/720/579 311/721/563
f 310/719/565 846/722/542 877/720/579
f 1072/698/562 860/723/580 310/701/565
f 860/724/580 323/725/576 1110/726/581
f 277/617/505 824/616/504 830/615/503
f 861/614/502 824/616/504 283/609/497
f 863/727/582 315/709/573 316/728/583
f 320/729/584 863/730/582 317/731/585
f 321/732/586 317/731/585 318/733/587
f 866/734/588 865/735/589 326/736/590
f 864/737/591 866/738/588 853/739/592
f 853/740/592 327/741/593 867/742/594
f 853/739/592 866/738/588 327/743/593
f 329/744/595 866/745/588 869/746/596
f 340/747/597 869/748/596 326/749/590
f 327/741/593 329/744/595 873/750/598
f 327/741/593 873/750/598 328/751/599
f 77/752/139 843/753/600 1115/754/601
f 854/696/560 319/755/602 843/753/600
f 843/753/600 330/756/603 1115/754/601
f 843/753/600 319/755/602 330/756/603
f 319/755/602 871/757/604 331/758/605
f 339/759/606 333/760/607 334/761/608
f 1114/762/609 339/759/606 334/761/608
f 333/763/607 339/764/606 332/765/610
f 339/764/606 338/766/611 332/765/610
f 332/765/610 338/766/611 337/767/612
f 332/765/610 337/767/612 870/768/613
f 331/758/605 871/757/604 336/769/614
f 336/769/614 871/757/604 337/767/612
f 855/770/615 340/771/597 870/768/613
f 871/757/604 855/770/615 870/768/613
f 855/770/615 872/772/616 340/771/597
f 862/773/617 872/774/616 855/775/615
f 320/729/584 868/776/618 872/774/616
f 872/772/616 868/777/618 340/771/597
f 868/776/618 873/778/598 329/779/595
f 332/765/610 341/780/619 874/781/620
f 332/765/610 874/781/620 333/763/607
f 870/768/613 341/780/619 332/765/610
f 345/714/575 876/782/621 875/783/622
f 343/784/623 1072/698/562 858/700/564
f 343/784/623 875/785/622 322/786/624
f 343/784/623 322/786/624 1072/698/562
f 314/702/566 857/704/568 859/787/625
f 310/711/565 309/708/572 301/707/571
f 324/705/569 1110/726/581 857/704/568
f 857/704/568 323/725/576 325/788/626
f 326/749/590 311/721/563 878/789/627
f 878/789/627 311/721/563 877/720/579
f 850/685/555 346/790/628 849/791/553
f 304/792/549 346/790/628 878/789/627
f 849/791/553 346/790/628 304/792/549
f 346/790/628 1036/793/629 878/789/627
f 1112/684/554 347/794/630 348/795/631
f 347/794/630 1108/692/558 348/795/631
f 348/795/631 838/652/533 297/653/534
f 1113/796/632 844/710/574 299/695/559
f 1113/796/632 879/797/633 844/710/574
f 349/664/539 1113/796/632 299/695/559
f 349/664/539 852/665/540 1113/796/632
f 77/752/139 21/603/48 843/753/600
f 820/602/491 349/664/539 21/603/48
f 330/756/603 336/769/614 350/798/634
f 331/758/605 336/769/614 330/756/603
f 336/769/614 337/767/612 880/799/635
f 880/799/635 337/767/612 881/800/636
f 351/801/637 881/800/636 338/766/611
f 352/802/638 338/803/611 339/759/606
f 353/804/639 1114/762/609 1033/805/640
f 353/804/639 352/802/638 1114/762/609
f 330/756/603 882/806/641 1115/754/601
f 882/807/641 355/808/642 354/809/643
f 883/810/644 882/806/641 330/756/603
f 883/811/644 356/812/645 882/807/641
f 882/807/641 354/809/643 1115/813/601
f 356/812/645 883/811/644 885/814/646
f 335/815/647 883/810/644 330/756/603
f 357/816/648 884/817/649 885/814/646
f 921/818/650 887/819/651 1125/820/652
f 886/821/653 880/799/635 351/801/637
f 357/816/648 359/822/654 888/823/655
f 358/824/656 357/816/648 888/823/655
f 889/825/657 884/817/649 891/826/658
f 890/827/659 884/817/649 357/816/648
f 891/826/658 358/824/656 892/828/660
f 892/828/660 358/824/656 360/829/661
f 888/823/655 893/830/662 894/831/663
f 888/823/655 894/831/663 358/824/656
f 360/829/661 894/831/663 893/830/662
f 884/817/649 889/825/657 356/812/645
f 889/825/657 892/828/660 900/832/664
f 356/812/645 355/808/642 882/807/641
f 895/833/665 354/834/643 355/835/642
f 1115/836/601 895/833/665 77/170/139
f 680/171/140 896/837/666 679/168/137
f 680/171/140 78/172/141 896/837/666
f 896/838/666 78/839/141 361/840/667
f 355/808/642 1117/841/668 895/842/665
f 895/842/665 362/843/669 78/839/141
f 365/844/670 898/845/671 364/846/672
f 365/844/670 378/847/673 898/845/671
f 364/848/672 898/849/671 1118/850/674
f 1118/850/674 898/849/671 366/851/675
f 901/852/676 1118/850/674 897/853/677
f 901/852/676 364/848/672 1118/850/674
f 899/854/678 897/853/677 905/855/679
f 362/843/669 361/840/667 78/839/141
f 1117/841/668 363/856/680 362/843/669
f 363/856/680 899/854/678 362/843/669
f 363/856/680 1117/841/668 900/832/664
f 892/828/660 360/829/661 901/852/676
f 367/857/681 360/829/661 903/858/682
f 901/852/676 368/859/683 364/848/672
f 903/858/682 902/860/684 908/861/685
f 908/861/685 902/860/684 371/862/686
f 903/858/682 360/829/661 902/860/684
f 367/857/681 1119/863/687 368/859/683
f 1119/863/687 370/864/688 368/859/683
f 368/859/683 370/864/688 378/865/673
f 902/860/684 893/830/662 372/866/689
f 904/867/690 359/822/654 376/868/691
f 904/867/690 373/869/692 372/866/689
f 374/870/693 377/871/694 372/866/689
f 372/866/689 377/871/694 371/862/686
f 373/869/692 391/872/695 375/873/696
f 905/855/679 896/838/666 361/840/667
f 905/855/679 361/840/667 899/854/678
f 379/874/697 378/865/673 370/864/688
f 907/875/698 369/876/699 382/877/700
f 382/878/700 908/879/685 383/880/701
f 382/877/700 369/876/699 908/861/685
f 369/876/699 903/858/682 908/861/685
f 375/873/696 377/871/694 374/870/693
f 370/864/688 914/881/702 379/874/697
f 679/882/137 905/855/679 906/883/703
f 384/884/704 906/883/703 912/885/705
f 1122/886/706 1123/887/707 932/888/708
f 385/889/709 1122/886/706 913/890/710
f 912/885/705 379/874/697 1122/886/706
f 1123/887/707 379/874/697 914/881/702
f 914/881/702 386/891/711 910/892/712
f 386/891/711 917/893/713 910/892/712
f 387/894/714 381/895/715 916/896/716
f 386/891/711 387/894/714 916/896/716
f 914/881/702 380/897/717 387/894/714
f 388/898/718 917/899/713 918/900/719
f 918/901/719 386/891/711 916/896/716
f 380/902/717 907/903/698 389/904/720
f 915/905/721 919/906/722 381/907/715
f 920/908/723 383/880/701 390/909/724
f 389/904/720 382/878/700 920/908/723
f 390/909/724 406/910/725 920/908/723
f 921/818/650 1125/820/652 922/911/726
f 1120/912/727 1124/913/728 392/914/729
f 375/873/696 391/872/695 909/915/730
f 1121/916/731 393/917/732 593/918/733
f 923/919/734 1125/920/652 351/801/637
f 923/921/734 351/922/637 352/802/638
f 922/923/726 923/924/734 395/925/735
f 922/923/726 394/926/736 921/927/650
f 922/923/726 395/925/735 394/926/736
f 921/927/650 394/926/736 593/918/733
f 75/928/136 384/929/704 1126/930/737
f 73/931/138 1126/930/737 396/932/738
f 409/933/739 401/934/740 926/935/741
f 400/936/742 401/934/740 397/937/743
f 911/938/744 912/939/705 400/936/742
f 911/938/744 1126/930/737 384/929/704
f 911/938/744 396/932/738 1126/930/737
f 925/940/745 930/941/746 399/942/747
f 925/940/745 398/943/748 926/935/741
f 402/944/749 401/934/740 400/936/742
f 402/944/749 926/935/741 401/934/740
f 402/944/749 400/936/742 385/945/709
f 403/946/750 930/941/746 925/940/745
f 913/947/710 403/946/750 402/944/749
f 404/948/751 403/946/750 913/947/710
f 400/936/742 912/939/705 385/945/709
f 402/944/749 385/945/709 913/947/710
f 404/948/751 928/949/752 927/950/753
f 932/888/708 404/951/751 1122/886/706
f 404/948/751 932/952/708 928/949/752
f 933/953/754 932/888/708 917/893/713
f 929/954/755 932/888/708 933/953/754
f 933/955/754 934/956/756 929/957/755
f 934/956/756 933/955/754 406/910/725
f 919/906/722 406/910/725 918/958/719
f 930/941/746 936/959/757 399/942/747
f 407/960/758 937/961/759 939/962/760
f 399/942/747 939/962/760 925/940/745
f 398/943/748 408/963/761 926/935/741
f 926/935/741 408/963/761 409/933/739
f 411/964/762 1127/965/763 931/966/764
f 941/967/765 931/966/764 405/968/766
f 407/969/758 936/970/757 942/971/767
f 936/970/757 411/964/762 942/971/767
f 942/971/767 941/967/765 935/972/768
f 942/971/767 411/964/762 941/967/765
f 409/933/739 943/973/769 397/937/743
f 412/974/770 74/975/131 73/931/138
f 73/931/138 396/932/738 412/974/770
f 944/976/771 412/974/770 943/973/769
f 947/977/772 943/973/769 409/933/739
f 947/977/772 409/933/739 940/978/773
f 416/979/774 415/980/775 949/981/776
f 948/982/777 418/983/778 417/984/779
f 949/981/776 417/984/779 416/979/774
f 946/985/780 949/981/776 415/980/775
f 426/986/781 423/987/782 985/988/783
f 419/989/784 423/987/782 950/990/785
f 418/991/778 419/989/784 950/990/785
f 418/983/778 950/992/785 417/984/779
f 417/984/779 960/993/786 422/994/787
f 952/995/788 412/974/770 944/976/771
f 952/995/788 413/996/789 953/997/790
f 424/998/791 952/995/788 953/997/790
f 945/999/792 953/997/790 421/1000/793
f 945/999/792 421/1000/793 414/1001/794
f 432/1002/795 1128/1003/796 425/1004/797
f 425/1004/797 962/1005/798 433/1006/799
f 425/1004/797 1128/1003/796 962/1005/798
f 437/1007/800 431/1008/801 433/1006/799
f 91/1009/161 951/1010/802 428/1011/803
f 428/1011/803 951/1010/802 424/998/791
f 428/1011/803 955/1012/804 958/1013/805
f 428/1011/803 424/998/791 955/1012/804
f 945/999/792 961/1014/806 1128/1003/796
f 91/1009/161 427/1015/807 957/1016/808
f 427/1015/807 428/1011/803 958/1013/805
f 429/1017/809 427/1015/807 958/1013/805
f 431/1008/801 425/1004/797 433/1006/799
f 432/1002/795 425/1004/797 956/1018/810
f 432/1002/795 956/1018/810 955/1012/804
f 956/1018/810 958/1013/805 955/1012/804
f 961/1014/806 421/1000/793 422/994/787
f 961/1014/806 945/999/792 414/1001/794
f 955/1012/804 945/999/792 432/1002/795
f 433/1006/799 962/1005/798 960/993/786
f 423/1019/782 960/993/786 950/992/785
f 423/1019/782 426/1020/781 960/993/786
f 960/993/786 426/1020/781 433/1006/799
f 961/1014/806 960/993/786 962/1005/798
f 429/1017/809 958/1013/805 963/1021/811
f 681/200/159 434/199/158 89/1022/157
f 958/1013/805 430/1023/812 963/1021/811
f 963/1021/811 430/1023/812 436/1024/813
f 442/1025/814 959/1026/815 431/1008/801
f 438/1027/816 426/986/781 954/1028/817
f 79/1029/818 957/1016/808 439/1030/819
f 439/1030/819 957/1016/808 440/1031/820
f 440/1031/820 429/1017/809 964/1032/821
f 964/1032/821 429/1017/809 441/1033/822
f 440/1031/820 964/1032/821 441/1033/822
f 429/1017/809 963/1021/811 441/1033/822
f 441/1033/822 436/1024/813 442/1025/814
f 966/1034/823 442/1025/814 1130/1035/824
f 451/1036/825 967/1037/826 443/1038/827
f 967/1037/826 437/1007/800 438/1039/816
f 443/1040/827 438/1041/816 954/1042/817
f 90/1043/160 445/1044/828 444/1045/829
f 444/1045/829 445/1044/828 446/1046/830
f 965/1047/831 445/1044/828 440/1048/820
f 445/1044/828 439/1049/819 440/1048/820
f 445/1044/828 965/1047/831 446/1046/830
f 965/1047/831 441/1050/822 1129/1051/832
f 446/1046/830 1129/1051/832 447/1052/833
f 449/1053/834 1130/1054/824 450/1055/835
f 450/1055/835 1130/1054/824 437/1056/800
f 450/1055/835 437/1056/800 967/1057/826
f 450/1055/835 967/1057/826 451/1058/825
f 452/1059/836 446/1046/830 453/1060/837
f 453/1060/837 447/1052/833 454/1061/838
f 968/1062/839 90/1043/160 444/1045/829
f 968/1062/839 452/1059/836 456/1063/840
f 456/1063/840 453/1060/837 969/1064/841
f 969/1064/841 970/1065/842 496/1066/843
f 970/1065/842 454/1061/838 449/1053/834
f 971/1067/844 449/1053/834 457/1068/845
f 434/1069/158 455/1070/846 458/1071/847
f 435/1072/848 458/1071/847 459/1073/849
f 98/1074/174 435/1072/848 461/1075/850
f 464/1076/851 461/1075/850 435/1072/848
f 465/1077/852 464/1076/851 459/1073/849
f 461/1075/850 464/1076/851 462/1078/853
f 464/1076/851 465/1077/852 466/1079/854
f 973/1080/855 464/1076/851 466/1079/854
f 973/1080/855 466/1079/854 468/1081/856
f 467/1082/857 973/1080/855 468/1081/856
f 463/1083/858 467/1082/857 468/1081/856
f 460/1084/176 461/1075/850 470/1085/859
f 53/1086/96 974/1087/860 471/1088/861
f 975/1089/862 977/1090/863 473/1091/864
f 470/1085/859 976/1092/865 977/1090/863
f 470/1085/859 462/1078/853 976/1092/865
f 976/1092/865 462/1078/853 472/1093/866
f 472/1093/866 1010/1094/867 473/1091/864
f 979/1095/868 472/1093/866 972/1096/869
f 472/1093/866 462/1078/853 972/1096/869
f 979/1095/868 972/1096/869 463/1083/858
f 474/1097/870 463/1083/858 469/1098/871
f 528/1099/872 979/1095/868 475/1100/873
f 481/1101/874 979/1095/868 474/1097/870
f 980/1102/875 459/1073/849 458/1071/847
f 458/1071/847 968/1062/839 981/1103/876
f 465/1077/852 980/1102/875 476/1104/877
f 477/1105/878 465/1077/852 480/1106/879
f 477/1105/878 469/1098/871 468/1081/856
f 980/1102/875 478/1107/880 476/1104/877
f 469/1098/871 477/1105/878 485/1108/881
f 481/1101/874 474/1097/870 516/1109/882
f 981/1103/876 969/1064/841 1137/1110/883
f 476/1104/877 478/1107/880 982/1111/884
f 982/1111/884 482/1112/885 483/1113/886
f 982/1111/884 483/1113/886 484/1114/887
f 480/1106/879 484/1114/887 485/1108/881
f 485/1108/881 502/1115/888 486/1116/889
f 469/1098/871 485/1108/881 486/1116/889
f 469/1098/871 486/1116/889 487/1117/890
f 522/1118/891 521/1119/892 515/1120/893
f 940/978/773 408/963/761 488/1121/894
f 415/980/775 940/978/773 946/985/780
f 490/1122/895 488/1121/894 489/1123/896
f 1131/1124/897 488/1121/894 490/1122/895
f 946/985/780 488/1121/894 1131/1124/897
f 948/1125/777 986/1126/898 983/1127/899
f 420/1128/900 983/1127/899 984/1129/901
f 983/1127/899 493/1130/902 984/1129/901
f 984/1129/901 1132/1131/903 420/1128/900
f 1132/1131/903 985/1132/783 419/1133/784
f 986/1134/898 491/1135/904 1157/1136/905
f 493/1130/902 1133/1137/906 984/1129/901
f 984/1129/901 987/1138/907 492/1139/908
f 984/1129/901 492/1139/908 1132/1131/903
f 954/1042/817 987/1140/907 443/1040/827
f 489/1123/896 1135/1141/909 1134/1142/910
f 489/1123/896 407/1143/758 1135/1141/909
f 491/1135/904 490/1144/895 1136/1145/911
f 494/1146/912 1135/1147/909 935/972/768
f 1135/1147/909 407/969/758 935/972/768
f 935/972/768 941/967/765 405/968/766
f 482/1112/885 1137/1110/883 1138/1148/913
f 1138/1148/913 1137/1110/883 1139/1149/914
f 1139/1149/914 496/1066/843 511/1150/915
f 511/1150/915 496/1066/843 995/1151/916
f 496/1066/843 970/1065/842 971/1067/844
f 457/1068/845 450/1055/835 971/1067/844
f 483/1113/886 1138/1148/913 988/1152/917
f 485/1108/881 484/1114/887 502/1115/888
f 484/1114/887 988/1152/917 502/1115/888
f 502/1115/888 988/1152/917 508/1153/918
f 989/1154/919 502/1115/888 990/1155/920
f 487/1117/890 486/1116/889 503/1156/921
f 989/1154/919 990/1155/920 993/1157/922
f 988/1152/917 505/1158/923 507/1159/924
f 505/1158/923 999/1160/925 506/1161/926
f 508/1153/918 506/1161/926 510/1162/927
f 502/1115/888 508/1153/918 510/1162/927
f 990/1155/920 991/1163/928 992/1164/929
f 993/1157/922 990/1155/920 992/1164/929
f 992/1164/929 991/1163/928 514/1165/930
f 994/1166/931 1139/1149/914 511/1150/915
f 505/1158/923 1139/1149/914 994/1166/931
f 499/1167/932 997/1168/933 995/1151/916
f 497/1169/934 499/1167/932 995/1151/916
f 496/1066/843 971/1067/844 497/1169/934
f 511/1150/915 996/1170/935 998/1171/936
f 499/1167/932 501/1172/937 997/1168/933
f 501/1172/937 512/1173/938 998/1171/936
f 512/1173/938 999/1160/925 505/1158/923
f 513/1174/939 999/1160/925 512/1173/938
f 991/1163/928 510/1162/927 1000/1175/940
f 1000/1175/940 514/1165/930 991/1163/928
f 1000/1175/940 513/1174/939 514/1165/930
f 513/1174/939 1001/1176/941 514/1165/930
f 1001/1176/941 513/1174/939 512/1173/938
f 1003/1177/942 503/1156/921 504/1178/943
f 515/1120/893 487/1117/890 1003/1177/942
f 520/1179/944 481/1101/874 517/1180/945
f 517/1180/945 481/1101/874 516/1109/882
f 521/1119/892 487/1117/890 515/1120/893
f 1004/1181/946 521/1119/892 522/1118/891
f 516/1109/882 521/1119/892 1004/1181/946
f 521/1119/892 516/1109/882 474/1097/870
f 521/1119/892 474/1097/870 469/1098/871
f 517/1180/945 1004/1181/946 518/1182/947
f 1004/1181/946 522/1118/891 523/1183/948
f 523/1183/948 515/1120/893 524/1184/949
f 524/1184/949 515/1120/893 1005/1185/950
f 1005/1185/950 1003/1177/942 1006/1186/951
f 509/1187/952 1006/1188/951 993/1189/922
f 525/1190/953 1005/1191/950 1006/1188/951
f 525/1190/953 1006/1188/951 509/1187/952
f 1146/1192/954 1005/1191/950 525/1190/953
f 475/1193/873 1008/1194/955 528/1195/872
f 473/1091/864 1010/1094/867 527/1196/956
f 527/1196/956 975/1089/862 473/1091/864
f 974/1087/860 534/1197/957 471/1088/861
f 275/1198/958 534/1199/957 527/1200/956
f 275/1198/958 527/1200/956 1011/590/481
f 782/496/405 535/591/482 238/497/406
f 816/1201/959 236/596/487 238/497/406
f 536/593/484 1140/1202/960 236/596/487
f 1010/1203/867 1011/590/481 527/1200/956
f 237/495/404 535/591/482 782/496/405
f 237/495/404 274/493/403 535/591/482
f 1012/592/483 529/1204/961 536/593/484
f 1010/1203/867 1013/1205/962 1011/590/481
f 1013/1205/962 528/1195/872 1008/1194/955
f 530/1206/963 1009/1207/964 1014/1208/965
f 537/1209/966 520/1179/944 1009/1210/964
f 533/1211/967 518/1212/947 545/1213/968
f 1140/1202/960 536/593/484 529/1204/961
f 529/1204/961 530/1206/963 531/1214/969
f 539/1215/970 531/1214/969 1015/1216/971
f 531/1214/969 532/1217/972 1015/1216/971
f 1141/1218/973 538/1219/974 1016/1220/975
f 1141/1218/973 541/1221/976 540/1222/977
f 542/1223/978 1016/1220/975 539/1215/970
f 817/594/485 546/1224/979 235/1225/980
f 1142/1226/981 817/594/485 540/1222/977
f 543/1227/982 1142/1226/981 1017/1228/983
f 1017/1228/983 540/1222/977 541/1221/976
f 544/1229/984 1017/1228/983 541/1221/976
f 1022/1230/985 544/1229/984 532/1217/972
f 545/1213/968 532/1217/972 533/1211/967
f 526/1231/986 545/1213/968 518/1212/947
f 547/1232/987 543/1227/982 1019/1233/988
f 548/1234/989 1018/1235/990 549/1236/991
f 1143/1237/992 549/1236/991 552/1238/993
f 549/1236/991 1143/1237/992 550/1239/994
f 1143/1237/992 554/1240/995 550/1239/994
f 550/1239/994 555/1241/996 551/1242/997
f 543/1227/982 1017/1228/983 556/1243/998
f 1018/1235/990 1019/1233/988 1144/1244/999
f 1144/1244/999 556/1243/998 557/1245/1000
f 552/1238/993 1144/1244/999 1020/1246/1001
f 553/1247/1002 1020/1246/1001 559/1248/1003
f 553/1247/1002 559/1248/1003 554/1240/995
f 555/1241/996 560/1249/1004 551/1242/997
f 554/1240/995 559/1248/1003 555/1241/996
f 1017/1228/983 544/1229/984 1022/1230/985
f 1145/1250/1005 532/1217/972 545/1213/968
f 561/1251/1006 1145/1250/1005 562/1252/1007
f 1023/1253/1008 1145/1250/1005 545/1213/968
f 1146/1254/954 523/1183/948 524/1184/949
f 1146/1254/954 526/1255/986 518/1182/947
f 526/1255/986 1146/1254/954 563/1256/1009
f 1023/1253/1008 1147/1257/1010 1145/1250/1005
f 563/1258/1009 1023/1253/1008 526/1231/986
f 1145/1250/1005 1024/1259/1011 562/1252/1007
f 556/1243/998 1021/1260/1012 557/1245/1000
f 1144/1244/999 557/1245/1000 1148/1261/1013
f 558/1262/1014 561/1251/1006 562/1252/1007
f 558/1262/1014 562/1252/1007 559/1248/1003
f 1070/1263/1015 1147/1257/1010 1044/1264/1016
f 562/1252/1007 1024/1259/1011 565/1265/1017
f 559/1248/1003 566/1266/1018 560/1249/1004
f 547/1232/987 548/1234/989 567/1267/1019
f 568/1268/1020 567/1267/1019 548/1234/989
f 569/1269/1021 570/1270/1022 1026/1271/1023
f 570/1270/1022 550/1239/994 571/1272/1024
f 571/1272/1024 550/1239/994 1149/1273/1025
f 567/1267/1019 572/1274/1026 546/1224/979
f 1151/1275/1027 1149/1273/1025 551/1242/997
f 1149/1273/1025 1151/1275/1027 576/1276/1028
f 578/1277/1029 1025/1278/1030 569/1269/1021
f 570/1270/1022 577/1279/1031 1026/1271/1023
f 569/1269/1021 577/1279/1031 578/1277/1029
f 546/1224/979 233/502/411 235/1225/980
f 573/1280/1032 240/503/412 1025/1278/1030
f 1150/1281/1033 1025/1278/1030 574/1282/1034
f 574/1282/1034 1025/1278/1030 578/1277/1029
f 574/1282/1034 578/1277/1029 577/1279/1031
f 1028/1283/1035 575/1284/1036 576/1276/1028
f 575/1284/1036 577/1279/1031 571/1272/1024
f 573/1280/1032 809/574/470 240/503/412
f 573/1280/1032 579/1285/1037 809/574/470
f 579/1285/1037 811/576/472 809/574/470
f 812/577/473 811/576/472 269/1286/1038
f 1027/1287/1039 1150/1281/1033 574/1282/1034
f 1027/1287/1039 574/1282/1034 581/1288/1040
f 582/1289/1041 1151/1275/1027 583/1290/1042
f 581/1288/1040 582/1289/1041 584/1291/1043
f 581/1288/1040 576/1276/1028 582/1289/1041
f 1027/1287/1039 581/1288/1040 580/1292/1044
f 580/1292/1044 584/1291/1043 585/1293/1045
f 580/1292/1044 585/1293/1045 811/576/472
f 585/1293/1045 1029/1294/1046 586/1295/1047
f 811/576/472 586/1295/1047 269/1286/1038
f 269/1286/1038 586/1295/1047 587/1296/1048
f 812/577/473 269/1286/1038 268/578/474
f 268/578/474 587/1296/1048 813/581/477
f 586/1295/1047 1030/1297/1049 813/581/477
f 1029/1294/1046 585/1293/1045 584/1291/1043
f 582/1289/1041 583/1290/1042 584/1291/1043
f 584/1291/1043 583/1290/1042 588/1298/1050
f 764/437/363 590/1299/1051 213/435/360
f 764/440/363 763/582/478 590/1300/1051
f 590/1299/1051 588/1301/1050 589/1302/1052
f 333/1303/607 1033/1304/640 334/1305/608
f 333/1303/607 924/1306/1053 1033/1304/640
f 1032/1307/1054 874/1308/620 341/1309/619
f 395/925/735 592/1310/1055 394/926/736
f 934/956/756 410/1311/1056 405/968/766
f 383/880/701 613/1312/1057 390/909/724
f 934/956/756 406/910/725 390/909/724
f 1032/1307/1054 1034/1313/1058 395/925/735
f 1032/1307/1054 342/1314/1059 595/1315/1060
f 878/789/627 1035/1316/1061 595/1315/1060
f 596/1317/1062 1035/1316/1061 1036/793/629
f 1036/793/629 1112/684/554 348/795/631
f 597/1318/1063 1038/1319/1064 1037/1320/1065
f 1036/793/629 348/795/631 1038/1319/1064
f 296/644/527 1037/1320/1065 294/655/536
f 842/1321/1066 147/325/269 266/1322/468
f 842/1323/1066 266/569/468 265/568/467
f 264/1324/1067 265/568/467 1040/570/469
f 598/1325/1068 262/557/461 1152/553/460
f 1152/553/460 258/547/454 247/571/459
f 1163/1326/1069 1152/553/460 1041/1327/1070
f 1041/1327/1070 760/1328/1071 1068/1329/1072
f 1041/1327/1070 267/573/350 760/1328/1071
f 1068/1329/1072 208/433/361 600/1330/1073
f 600/1330/1073 208/433/361 214/434/362
f 600/1330/1073 214/434/362 1153/1331/1074
f 603/1332/1075 1043/1333/1076 602/1334/1077
f 601/1335/1078 589/1302/1052 1043/1333/1076
f 1151/1336/1027 1154/1337/1079 583/1338/1042
f 1154/1339/1079 1151/1275/1027 551/1242/997
f 1154/1337/1079 602/1334/1077 1043/1333/1076
f 1154/1339/1079 551/1242/997 560/1249/1004
f 566/1340/1018 1155/1341/1080 1164/1342/1081
f 604/1343/1082 1044/1344/1016 1045/1345/1083
f 1023/1346/1008 1044/1344/1016 1147/1347/1010
f 1045/1345/1083 525/1190/953 509/1187/952
f 626/1348/1084 509/1187/952 1002/1349/1085
f 1002/1349/1085 1046/1350/1086 608/1351/1087
f 609/1352/1088 512/1353/938 501/1354/937
f 1031/1355/1089 501/1354/937 500/1356/1090
f 610/1357/1091 1031/1355/1089 1156/1358/1092
f 1047/1359/1093 1133/1360/906 1156/1358/1092
f 495/1361/1094 935/972/768 612/1362/1095
f 612/1362/1095 935/972/768 405/968/766
f 494/1146/912 495/1361/1094 1157/1136/905
f 986/1134/898 1157/1136/905 493/1363/902
f 1157/1136/905 611/1364/1096 493/1363/902
f 1157/1136/905 495/1361/1094 611/1364/1096
f 594/1365/1097 613/1312/1057 592/1310/1055
f 1049/1366/1098 410/1311/1056 614/1367/1099
f 614/1367/1099 410/1311/1056 613/1312/1057
f 1158/1368/1100 614/1367/1099 613/1312/1057
f 1060/1369/1101 614/1367/1099 1158/1368/1100
f 611/1364/1096 614/1367/1099 1050/1370/1102
f 1048/1371/1103 611/1364/1096 610/1372/1091
f 610/1357/1091 1051/1373/1104 1053/1374/1105
f 1051/1375/1104 1050/1370/1102 1052/1376/1106
f 1053/1374/1105 1052/1377/1106 1055/1378/1107
f 1051/1373/1104 1052/1377/1106 1053/1374/1105
f 1052/1377/1106 1054/1379/1108 1055/1378/1107
f 1035/1316/1061 1056/1380/1109 595/1315/1060
f 596/1317/1062 615/1381/1110 1056/1380/1109
f 1034/1313/1058 1057/1382/1111 594/1365/1097
f 1158/1368/1100 613/1312/1057 594/1365/1097
f 1052/1376/1106 1060/1369/1101 617/1383/1112
f 617/1383/1112 1060/1369/1101 1061/1384/1113
f 1060/1369/1101 616/1385/1114 1059/1386/1115
f 1061/1384/1113 1059/1386/1115 1058/1387/1116
f 1062/1388/1117 615/1381/1110 1159/1389/1118
f 1160/1390/1119 1061/1384/1113 1062/1388/1117
f 615/1381/1110 596/1317/1062 1159/1389/1118
f 1159/1389/1118 596/1317/1062 1038/1319/1064
f 1064/1391/1120 597/1318/1063 1063/1392/1121
f 618/1393/1122 1063/1394/1121 264/1324/1067
f 597/1318/1063 1064/1391/1120 1062/1388/1117
f 1064/1391/1120 619/1395/1123 1062/1388/1117
f 1062/1388/1117 619/1395/1123 1160/1390/1119
f 1061/1384/1113 1160/1390/1119 617/1383/1112
f 1160/1390/1119 619/1395/1123 1065/1396/1124
f 617/1383/1112 1054/1397/1108 1052/1376/1106
f 620/1398/1125 1065/1399/1124 619/1400/1123
f 1162/1401/1126 1054/1402/1108 1065/1399/1124
f 619/1400/1123 1064/1403/1120 618/1393/1122
f 620/1398/1125 619/1400/1123 618/1393/1122
f 608/1351/1087 609/1352/1088 1066/1404/1127
f 609/1352/1088 1053/1374/1105 1066/1404/1127
f 608/1351/1087 1066/1404/1127 1002/1349/1085
f 621/1405/1128 1161/1406/1129 1007/1407/1130
f 621/1405/1128 1066/1404/1127 1161/1406/1129
f 1066/1404/1127 1055/1378/1107 1161/1406/1129
f 1161/1406/1129 1054/1402/1108 1162/1401/1126
f 622/1408/1131 1162/1401/1126 620/1398/1125
f 623/1409/1132 618/1393/1122 1067/1410/1133
f 598/1325/1068 1067/1410/1133 264/1324/1067
f 1067/1410/1133 598/1325/1068 624/1411/1134
f 1163/1326/1069 624/1411/1134 598/1325/1068
f 624/1411/1134 1163/1326/1069 599/1412/1135
f 623/1409/1132 624/1411/1134 1042/1413/1136
f 1068/1329/1072 1069/1414/1137 599/1412/1135
f 599/1412/1135 1069/1414/1137 1042/1413/1136
f 1045/1345/1083 626/1348/1084 606/1415/1138
f 607/1416/1139 1007/1407/1130 625/1417/1140
f 625/1417/1140 1007/1407/1130 622/1408/1131
f 1042/1413/1136 622/1408/1131 623/1409/1132
f 1069/1414/1137 1153/1331/1074 625/1417/1140
f 625/1417/1140 601/1335/1078 607/1416/1139
f 1153/1331/1074 589/1302/1052 601/1335/1078
f 601/1335/1078 1043/1333/1076 603/1332/1075
f 606/1415/1138 607/1416/1139 605/1418/1141
f 1164/1342/1081 604/1343/1082 605/1418/1141
f 566/1340/1018 1164/1342/1081 602/1334/1077
f 1164/1342/1081 605/1418/1141 602/1334/1077
f 601/1335/1078 603/1332/1075 605/1418/1141
f 288/300/245 836/637/522 135/301/246
f 157/335/276 151/345/283 1092/334/275
f 256/541/450 253/537/446 255/538/447
f 23/35/30 655/60/50 16/34/29
f 181/385/320 183/383/318 184/384/319
f 184/384/319 183/383/318 180/371/306
f 173/367/302 180/371/306 172/369/304
f 165/363/298 187/392/326 170/366/301
f 191/1419/1142 755/448/368 196/413/343
f 1103/580/476 815/579/475 268/578/474
f 74/975/131 951/1010/802 91/1009/161
f 954/1028/817 426/986/781 985/988/783
f 328/751/599 321/1420/586 318/1421/587
f 1168/1422/1143 1173/1423/1144 1169/1424/1145
f 1169/1424/1145 1173/1423/1144 1174/1425/1146
f 1166/1426/1147 1175/1427/1148 1167/1428/1149
f 1172/1429/1150 1171/1430/1151 1176/1431/1152
f 1169/1424/1145 1174/1425/1146 1170/1432/1153
f 1167/1428/1149 1173/1423/1144 1168/1422/1143
f 1172/1429/1150 1176/1431/1152 1165/1433/1154
f 1165/1433/1154 1176/1431/1152 1175/1427/1148
f 1174/1425/1146 1171/1430/1151 1170/1432/1153
f 1166/1426/1147 1165/1433/1154 1175/1427/1148
f 1171/1430/1151 1174/1425/1146 1176/1431/1152
f 1179/1434/1155 1173/1435/1144 1175/1436/1148
f 1169/1424/1145 1166/1426/1147 1168/1422/1143
f 1172/1429/1150 1166/1426/1147 1171/1430/1151
f 1170/1432/1153 1166/1426/1147 1169/1424/1145
f 1168/1422/1143 1166/1426/1147 1167/1428/1149
f 1165/1433/1154 1166/1426/1147 1172/1429/1150
f 1171/1430/1151 1166/1426/1147 1170/1432/1153
f 1180/1437/1156 1175/1438/1148 1176/1439/1152
f 1177/1440/1157 1174/1441/1146 1173/1442/1144
f 1178/1443/1158 1176/1444/1152 1174/1445/1146
f 1184/1446/1159 1179/1447/1155 1180/1448/1156
f 1181/1449/1160 1178/1450/1158 1177/1451/1157
f 1183/1452/1161 1182/1453/1162 1181/1454/1160
f 1182/1455/1162 1180/1456/1156 1178/1457/1158
f 1183/1458/1161 1177/1459/1157 1179/1460/1155
f 2/1/1 627/4/4 3/2/2
f 628/9/9 1074/1461/10 7/16/13
f 7/33/13 6/20/16 630/1462/12
f 629/22/18 630/1462/12 6/20/16
f 9/17/14 1073/10/8 5/18/11
f 631/19/15 5/18/11 6/20/16
f 632/23/19 1074/11/10 635/24/20
f 633/32/28 1074/11/10 632/23/19
f 4/5/5 635/24/20 636/25/21
f 12/28/24 11/6/6 636/25/21
f 1074/11/10 1073/10/8 1075/26/22
f 635/24/20 1075/26/22 637/27/23
f 12/28/24 637/27/23 1077/48/42
f 646/29/25 1075/26/22 9/17/14
f 646/29/25 9/17/14 631/19/15
f 634/37/32 641/36/31 16/34/29
f 633/32/28 634/37/32 16/34/29
f 640/21/17 16/34/29 13/43/37
f 14/1463/1163 10/1464/34 627/4/4
f 10/1464/34 1076/38/33 627/4/4
f 627/4/4 1076/38/33 4/5/5
f 10/1464/34 634/37/32 1076/38/33
f 1076/38/33 633/32/28 632/23/19
f 634/37/32 10/1464/34 23/35/30
f 10/1464/34 14/1463/1163 642/1465/61
f 10/39/34 642/74/61 15/40/35
f 644/45/39 640/21/17 17/44/38
f 17/44/38 640/21/17 13/43/37
f 18/1466/222 643/46/40 17/44/38
f 1077/48/42 645/47/41 19/49/43
f 647/50/44 638/30/26 639/31/27
f 638/30/26 631/19/15 639/31/27
f 646/29/25 649/55/45 645/47/41
f 19/49/43 645/47/41 648/56/46
f 22/240/190 649/55/45 647/50/44
f 23/35/30 16/34/29 641/36/31
f 650/63/51 23/41/30 15/40/35
f 25/62/52 27/87/70 650/63/51
f 25/62/52 28/64/53 29/66/55
f 31/83/66 83/71/58 30/94/75
f 651/65/54 83/71/58 31/83/66
f 1084/70/59 83/69/58 1078/68/57
f 2/1/1 1/3/3 1078/68/57
f 32/72/56 651/65/54 28/64/53
f 34/77/62 33/79/60 642/1467/61
f 34/77/62 642/1467/61 14/1468/1163
f 34/75/62 14/1463/1163 2/1/1
f 2/1/1 14/1463/1163 627/4/4
f 32/81/56 652/78/64 1078/1469/57
f 653/80/65 35/82/63 1078/1469/57
f 653/80/65 1078/1469/57 652/78/64
f 29/66/55 31/83/66 1079/93/74
f 25/62/52 654/84/67 27/87/70
f 27/87/70 654/84/67 656/85/68
f 27/87/70 36/86/69 37/1470/71
f 650/61/51 37/89/71 655/60/50
f 17/44/38 24/42/36 38/1471/72
f 42/99/79 40/97/78 41/100/80
f 1079/103/74 30/98/75 42/99/79
f 46/114/92 39/102/76 45/104/82
f 45/104/82 1079/103/74 658/105/83
f 46/114/92 45/104/82 657/107/85
f 658/105/83 42/99/79 44/101/81
f 658/105/83 44/101/81 659/106/84
f 46/114/92 657/107/85 51/108/86
f 44/101/81 41/100/80 43/110/88
f 659/106/84 44/101/81 660/112/90
f 659/106/84 660/112/90 49/113/91
f 657/107/85 49/113/91 47/109/87
f 656/85/68 39/95/76 46/1472/92
f 656/1473/68 46/114/92 36/116/69
f 50/115/93 46/114/92 1096/1474/390
f 1096/1474/390 46/114/92 51/108/86
f 660/112/90 48/111/89 49/113/91
f 47/109/87 49/113/91 52/1475/177
f 47/109/87 662/118/95 661/117/94
f 662/118/95 47/109/87 52/1475/177
f 5/13/11 8/7/7 54/120/97
f 630/15/12 629/1476/18 5/13/11
f 3/2/2 663/122/99 55/121/98
f 663/122/99 56/153/123 55/121/98
f 11/6/6 56/153/123 663/122/99
f 1080/128/101 58/143/100 63/129/105
f 58/143/100 664/145/115 63/129/105
f 59/130/106 667/138/103 1080/128/101
f 61/141/108 58/143/100 666/1477/102
f 59/130/106 63/129/105 64/1478/1164
f 61/141/108 62/1479/107 60/133/109
f 664/145/115 58/143/100 668/144/114
f 668/144/114 56/153/123 57/146/116
f 11/6/6 57/146/116 56/153/123
f 11/6/6 669/147/117 57/146/116
f 57/146/116 669/147/117 664/145/115
f 63/129/105 670/148/118 68/165/134
f 664/145/115 669/147/117 63/129/105
f 64/1478/1164 63/129/105 69/166/135
f 69/166/135 63/129/105 68/165/134
f 59/130/106 64/1478/1164 69/166/135
f 673/174/142 1081/1480/1165 66/142/113
f 673/174/142 66/142/113 60/133/109
f 72/150/120 673/174/142 60/133/109
f 65/139/111 671/140/112 667/138/103
f 673/174/142 672/1481/128 1081/1480/1165
f 672/1481/128 67/155/125 1081/1480/1165
f 1082/173/129 672/1481/128 673/174/142
f 1081/1480/1165 67/155/125 66/142/113
f 70/152/122 55/121/98 56/153/123
f 67/155/125 674/154/124 668/144/114
f 67/155/125 70/152/122 674/154/124
f 71/157/127 1085/160/130 672/158/128
f 672/1481/128 675/156/126 67/155/125
f 74/162/131 72/150/120 671/140/112
f 677/163/132 76/164/133 670/148/118
f 59/130/106 69/166/135 678/149/119
f 75/167/136 676/151/121 65/139/111
f 679/168/137 65/139/111 678/149/119
f 19/49/43 77/170/139 677/163/132
f 677/163/132 77/170/139 76/164/133
f 76/164/133 680/171/140 68/165/134
f 678/149/119 68/165/134 680/171/140
f 91/202/161 79/1482/818 72/150/120
f 79/1482/818 1082/173/129 72/150/120
f 71/157/127 1082/159/129 681/1483/159
f 79/1482/818 681/200/159 1082/173/129
f 1083/176/144 71/157/127 681/1483/159
f 89/198/157 1083/176/144 681/1483/159
f 81/175/143 80/179/147 1083/176/144
f 686/182/148 83/181/58 82/178/146
f 83/1484/58 1084/70/59 84/1485/150
f 1084/70/59 683/1486/153 84/1485/150
f 1/3/3 55/121/98 683/1486/153
f 85/183/149 82/178/146 83/181/58
f 71/157/127 1083/176/144 80/179/147
f 1085/160/130 71/157/127 85/183/149
f 86/187/151 675/189/126 1085/185/130
f 55/121/98 70/152/122 86/190/151
f 683/1486/153 55/121/98 682/191/152
f 685/193/154 684/195/155 86/187/151
f 85/186/149 685/193/154 86/187/151
f 1/3/3 683/1486/153 1084/70/59
f 685/193/154 683/192/153 682/196/152
f 687/204/162 686/182/148 81/175/143
f 90/201/160 681/200/159 79/1482/818
f 87/177/145 92/1487/167 687/204/162
f 95/205/163 92/1487/167 87/177/145
f 686/182/148 93/203/77 30/180/75
f 40/97/78 688/207/165 41/100/80
f 690/206/164 94/211/168 689/208/166
f 92/209/167 95/213/163 690/206/164
f 40/97/78 93/96/77 687/210/162
f 691/214/170 692/218/172 96/212/169
f 98/220/174 95/205/163 88/197/156
f 98/222/174 691/214/170 95/213/163
f 694/219/173 691/214/170 693/221/175
f 692/218/172 691/214/170 694/219/173
f 689/208/166 97/217/171 48/215/89
f 52/226/177 48/215/89 97/217/171
f 693/221/175 662/1488/95 694/219/173
f 53/224/96 662/1488/95 693/221/175
f 662/1488/95 52/226/177 694/219/173
f 99/1489/1166 62/131/107 1080/124/101
f 666/125/102 1080/124/101 62/131/107
f 1080/124/101 695/137/110 99/1489/1166
f 62/131/107 99/1489/1166 695/137/110
f 649/55/45 22/240/190 20/57/47
f 102/228/179 697/227/178 110/231/182
f 1086/234/185 723/247/196 100/233/184
f 1086/234/185 703/237/188 723/247/196
f 105/238/189 703/237/188 1086/234/185
f 698/235/186 105/238/189 1086/234/185
f 101/246/195 103/295/240 699/236/187
f 110/231/182 22/239/190 714/249/198
f 701/232/183 1087/258/206 104/243/192
f 100/233/184 701/232/183 104/243/192
f 702/245/194 105/238/189 130/1490/1167
f 703/237/188 699/236/187 103/295/240
f 1088/248/197 723/247/196 112/267/215
f 714/249/198 22/239/190 704/250/199
f 704/250/199 22/239/190 647/252/44
f 713/251/200 704/250/199 647/252/44
f 113/261/209 713/251/200 107/253/201
f 107/253/201 647/252/44 706/262/210
f 647/252/44 705/1491/202 706/262/210
f 706/262/210 705/1491/202 644/53/39
f 644/53/39 707/271/219 708/255/203
f 707/1492/219 644/1493/39 643/274/40
f 709/256/204 708/255/203 707/271/219
f 105/238/189 698/235/186 129/244/193
f 113/261/209 107/253/201 706/262/210
f 710/260/208 113/261/209 712/263/211
f 106/257/205 113/261/209 710/260/208
f 102/228/179 111/230/181 1088/248/197
f 102/228/179 1088/248/197 700/229/180
f 701/232/183 714/249/198 1087/258/206
f 111/230/181 110/231/182 100/233/184
f 715/288/233 711/266/214 712/263/211
f 712/263/211 706/262/210 644/53/39
f 712/263/211 644/53/39 709/256/204
f 707/271/219 1089/268/216 709/256/204
f 119/275/220 643/274/40 18/277/222
f 735/278/223 120/276/221 17/92/38
f 707/271/219 122/280/225 1089/268/216
f 115/281/226 114/269/217 1089/268/216
f 115/281/226 122/280/225 123/282/227
f 116/283/228 123/282/227 124/284/229
f 715/288/233 712/263/211 114/269/217
f 716/265/213 715/288/233 118/290/235
f 127/315/259 118/290/235 718/289/234
f 718/289/234 114/269/217 115/281/226
f 1090/291/236 127/315/259 718/289/234
f 128/317/261 127/315/259 1090/291/236
f 128/317/261 1090/291/236 719/292/237
f 1090/291/236 116/283/228 117/285/230
f 105/238/189 129/244/193 130/1490/1167
f 129/244/193 716/265/213 130/1490/1167
f 720/293/238 130/1490/1167 716/265/213
f 104/243/192 106/257/205 710/260/208
f 108/259/207 710/260/208 711/266/214
f 720/293/238 144/312/256 131/307/251
f 101/246/195 132/294/239 727/297/242
f 133/296/241 727/297/242 724/320/264
f 722/298/243 103/295/240 133/296/241
f 103/295/240 722/298/243 703/237/188
f 133/296/241 134/303/244 722/298/243
f 722/1494/243 134/299/244 135/301/246
f 723/641/196 722/1494/243 135/301/246
f 725/304/248 134/303/244 133/296/241
f 138/319/263 137/302/247 725/304/248
f 725/304/248 133/296/241 724/320/264
f 728/305/249 724/320/264 727/297/242
f 726/306/250 727/297/242 132/294/239
f 130/1490/1167 720/293/238 132/294/239
f 720/293/238 131/307/251 132/294/239
f 702/245/194 130/1490/1167 132/294/239
f 726/306/250 131/307/251 139/323/267
f 139/323/267 131/307/251 729/313/257
f 729/313/257 140/308/252 1091/310/254
f 730/314/258 144/312/256 118/290/235
f 144/312/256 730/314/258 140/308/252
f 144/312/256 140/308/252 729/313/257
f 144/312/256 720/293/238 118/290/235
f 141/311/255 140/308/252 730/314/258
f 141/311/255 730/314/258 145/316/260
f 145/316/260 730/314/258 128/317/261
f 128/317/261 730/314/258 127/315/259
f 126/321/265 728/305/249 726/306/250
f 147/325/269 726/306/250 139/323/267
f 139/323/267 1091/310/254 147/325/269
f 731/324/268 142/309/253 143/525/434
f 148/1495/270 122/280/225 717/270/218
f 717/270/218 122/280/225 707/271/219
f 122/280/225 148/1495/270 733/327/271
f 733/332/271 148/326/270 732/1496/1168
f 124/284/229 123/282/227 125/286/231
f 732/1496/1168 148/326/270 736/331/273
f 733/332/271 732/1496/1168 736/331/273
f 1092/334/275 733/332/271 150/333/274
f 125/328/231 733/332/271 1092/334/275
f 1092/334/275 151/345/283 734/533/442
f 149/329/272 1092/334/275 734/533/442
f 734/533/442 151/345/283 152/347/285
f 736/331/273 119/275/220 120/276/221
f 736/331/273 120/276/221 735/278/223
f 150/333/274 736/331/273 735/278/223
f 741/1497/1169 739/340/278 154/339/279
f 741/1497/1169 154/339/279 738/350/287
f 151/345/283 157/335/276 737/346/284
f 158/351/288 157/1498/276 739/349/278
f 159/348/286 158/351/288 739/349/278
f 738/350/287 739/349/278 741/1499/1169
f 154/339/279 740/344/282 738/350/287
f 738/350/287 740/344/282 159/348/286
f 740/344/282 156/343/281 158/351/288
f 153/336/277 156/342/281 154/1500/279
f 742/352/289 160/512/421 156/342/281
f 160/512/421 158/1501/288 156/342/281
f 742/352/289 174/382/317 160/512/421
f 121/279/224 155/341/280 153/336/277
f 163/354/291 121/279/224 17/92/38
f 161/353/290 155/341/280 163/354/291
f 162/355/292 163/354/291 743/91/73
f 157/335/276 158/1501/288 737/346/284
f 160/512/421 737/346/284 158/1501/288
f 655/1502/50 166/361/297 26/360/49
f 655/1502/50 744/390/325 166/361/297
f 166/361/297 744/390/325 171/357/294
f 167/356/293 166/361/297 171/357/294
f 38/90/72 164/364/299 169/359/296
f 745/365/300 166/361/297 167/356/293
f 745/365/300 165/363/298 164/364/299
f 745/365/300 167/356/293 165/363/298
f 162/355/292 169/359/296 746/368/303
f 172/369/304 746/368/303 169/359/296
f 161/353/290 747/370/305 742/352/289
f 748/377/312 160/512/421 174/382/317
f 748/377/312 175/380/315 160/512/421
f 178/375/310 179/373/308 750/372/307
f 176/381/316 177/376/311 750/372/307
f 175/380/315 748/377/312 1093/379/314
f 174/382/317 747/370/305 183/383/318
f 749/378/313 183/383/318 181/385/320
f 655/1502/50 37/391/71 744/390/325
f 186/393/327 751/1503/333 187/1504/326
f 751/402/333 184/384/319 187/392/326
f 188/1505/328 187/392/326 185/388/323
f 176/381/316 1093/379/314 177/376/311
f 1093/379/314 749/378/313 177/376/311
f 177/376/311 182/386/321 191/1419/1142
f 191/1419/1142 182/386/321 753/387/322
f 177/376/311 191/1419/1142 200/411/341
f 192/403/334 191/1419/1142 753/387/322
f 751/402/333 753/387/322 184/384/319
f 188/395/328 193/398/330 189/396/329
f 754/404/335 751/1503/333 186/393/327
f 751/1503/333 754/404/335 192/406/334
f 193/398/330 190/399/331 220/445/367
f 195/1506/338 756/405/336 193/398/330
f 200/411/341 191/1419/1142 198/409/339
f 198/409/339 191/1419/1142 196/413/343
f 177/376/311 200/411/341 201/415/345
f 178/375/310 201/415/345 757/1507/1170
f 179/373/308 178/375/310 757/1507/1170
f 200/411/341 202/410/340 203/416/346
f 757/1507/1170 201/415/345 203/416/346
f 206/374/309 179/373/308 757/1507/1170
f 206/374/309 757/1507/1170 203/416/346
f 758/419/349 203/416/346 204/418/348
f 267/573/350 758/1508/349 1094/425/353
f 1094/425/353 208/433/361 267/573/350
f 1094/425/353 212/427/355 208/433/361
f 1094/423/353 204/418/348 205/417/347
f 209/424/354 205/417/347 1095/428/356
f 1094/423/353 758/419/349 204/418/348
f 1095/428/356 759/421/351 761/429/357
f 209/424/354 1095/428/356 761/429/357
f 762/1509/1171 209/424/354 210/430/358
f 210/430/358 213/432/360 762/1509/1171
f 209/426/354 762/1510/1171 212/427/355
f 213/435/360 212/427/355 762/1510/1171
f 214/434/362 212/427/355 213/435/360
f 774/473/385 761/429/357 217/442/366
f 210/430/358 761/429/357 774/473/385
f 215/439/364 271/587/480 1103/580/476
f 766/470/380 199/412/342 197/414/344
f 767/407/337 755/444/368 192/406/334
f 220/443/367 767/407/337 195/408/338
f 220/445/367 195/1506/338 193/398/330
f 221/1511/378 772/451/371 194/449/370
f 222/452/372 221/1511/378 194/449/370
f 194/449/370 220/450/367 768/401/332
f 223/453/373 768/401/332 752/389/324
f 752/389/324 768/401/332 171/357/294
f 770/456/375 769/454/374 36/455/69
f 770/456/375 223/453/373 752/389/324
f 223/453/373 770/456/375 771/462/377
f 50/1512/93 1096/478/390 224/460/376
f 766/466/380 772/463/371 773/465/379
f 218/1513/383 766/466/380 225/467/381
f 216/441/365 270/468/382 814/472/384
f 216/441/365 207/422/352 199/412/342
f 218/469/383 216/441/365 199/412/342
f 772/471/371 766/470/380 197/414/344
f 211/431/359 210/430/358 272/474/386
f 771/461/377 792/515/424 222/589/372
f 225/467/381 273/476/388 776/586/479
f 226/514/423 765/477/389 775/475/387
f 239/498/407 775/475/387 792/515/424
f 229/481/392 785/485/395 1096/478/390
f 785/485/395 224/460/376 1096/478/390
f 239/498/407 785/485/395 242/484/394
f 1097/486/396 231/499/408 229/481/392
f 232/489/399 231/499/408 1097/486/396
f 1097/486/396 230/480/391 778/487/397
f 779/490/400 1097/486/396 234/488/398
f 233/502/411 232/489/399 779/490/400
f 235/1225/980 779/490/400 780/595/486
f 233/502/411 779/490/400 235/1225/980
f 1098/491/401 230/480/391 51/479/86
f 780/595/486 234/488/398 778/487/397
f 780/595/486 778/487/397 783/1514/1172
f 237/495/404 777/482/393 661/483/94
f 274/493/403 237/495/404 661/483/94
f 1098/491/401 777/482/393 781/492/402
f 237/495/404 782/496/405 781/492/402
f 781/492/402 238/497/406 783/1514/1172
f 783/1514/1172 778/487/397 781/492/402
f 226/514/423 791/504/413 765/477/389
f 787/500/409 786/509/418 231/499/408
f 788/501/410 787/500/409 232/489/399
f 233/502/411 788/501/410 232/489/399
f 227/506/415 765/477/389 791/504/413
f 226/514/423 241/507/416 791/504/413
f 791/504/413 790/508/417 228/505/414
f 786/509/418 784/510/419 242/484/394
f 786/509/418 242/484/394 229/481/392
f 241/507/416 226/514/423 784/510/419
f 789/511/420 784/510/419 786/509/418
f 789/511/420 786/509/418 787/500/409
f 243/513/422 175/380/315 176/381/316
f 793/516/425 176/381/316 750/372/307
f 794/519/428 795/518/427 750/372/307
f 248/551/458 1099/523/432 795/518/427
f 1099/523/432 244/517/426 795/518/427
f 246/521/430 245/536/445 249/522/431
f 142/309/253 141/311/255 145/316/260
f 731/324/268 143/525/434 796/526/435
f 147/325/269 731/324/268 796/526/435
f 251/1515/437 797/318/262 719/292/237
f 251/528/437 719/1516/237 117/330/230
f 799/530/439 149/329/272 734/533/442
f 734/533/442 152/347/285 254/535/444
f 245/536/445 737/346/284 249/522/431
f 152/347/285 737/346/284 245/536/445
f 1100/534/443 255/538/447 253/537/446
f 254/535/444 245/536/445 802/539/448
f 260/1517/449 259/546/453 800/545/452
f 255/538/447 254/535/444 1101/549/456
f 261/542/451 255/538/447 1101/549/456
f 256/541/450 255/538/447 261/542/451
f 1101/549/456 801/548/455 261/542/451
f 260/1517/449 801/1518/455 259/546/453
f 257/550/457 258/1519/454 801/548/455
f 258/547/454 259/546/453 801/1518/455
f 248/551/458 802/539/448 1099/523/432
f 257/550/457 802/539/448 248/551/458
f 257/550/457 247/552/459 258/1519/454
f 262/557/461 803/554/441 1152/553/460
f 799/556/439 803/554/441 262/557/461
f 251/561/437 799/560/439 263/558/462
f 804/562/463 251/561/437 806/563/464
f 797/318/262 251/1515/437 804/1520/463
f 797/318/262 804/1520/463 1102/565/465
f 805/566/466 250/663/436 796/567/435
f 248/551/458 795/518/427 807/524/433
f 265/568/467 806/563/464 1040/570/469
f 805/566/466 1102/564/465 265/568/467
f 267/573/350 807/572/433 808/1521/429
f 808/520/429 206/374/309 267/420/350
f 809/574/470 241/507/416 789/511/420
f 241/507/416 809/574/470 790/508/417
f 790/508/417 809/574/470 811/576/472
f 810/575/471 812/577/473 268/578/474
f 228/505/414 810/575/471 815/579/475
f 1103/580/476 776/586/479 815/579/475
f 587/1296/1048 268/578/474 269/1286/1038
f 1103/580/476 813/581/477 763/582/478
f 774/473/385 814/472/384 271/588/480
f 218/1513/383 225/467/381 776/586/479
f 270/584/382 218/1513/383 776/586/479
f 227/506/415 228/505/414 815/579/475
f 271/588/480 215/1522/364 272/474/386
f 274/493/403 275/1198/958 1011/590/481
f 235/1225/980 780/595/486 817/594/485
f 697/597/178 700/1523/180 136/598/488
f 700/1523/180 112/642/215 136/598/488
f 819/601/490 278/606/494 822/608/496
f 827/610/498 283/609/497 279/611/499
f 283/609/497 848/1524/551 1104/612/500
f 825/607/495 861/614/502 283/609/497
f 280/605/493 823/613/501 825/607/495
f 823/613/501 833/634/519 861/614/502
f 861/614/502 833/634/519 830/615/503
f 283/609/497 824/616/504 826/618/506
f 823/613/501 821/620/507 833/634/519
f 280/605/493 819/601/490 823/613/501
f 819/601/490 21/603/48 648/619/46
f 302/674/548 279/670/499 1104/623/500
f 302/674/548 1104/623/500 305/622/508
f 277/617/505 830/615/503 831/625/510
f 831/625/510 830/615/503 284/626/511
f 285/627/512 1105/628/513 286/629/514
f 1105/628/513 832/633/518 286/629/514
f 829/632/517 1105/628/513 284/626/511
f 1105/628/513 828/631/516 832/633/518
f 833/634/519 828/631/516 829/632/517
f 828/631/516 833/634/519 821/620/507
f 818/600/489 832/633/518 696/599/191
f 696/599/191 828/631/516 821/620/507
f 290/636/521 818/600/489 136/598/488
f 286/629/514 818/600/489 834/635/520
f 288/300/245 134/299/244 137/1525/247
f 288/300/245 137/1525/247 289/1526/532
f 1071/638/523 287/639/524 835/630/515
f 288/300/245 289/1526/532 1071/638/523
f 135/301/246 836/637/522 1106/640/525
f 1106/640/525 836/637/522 290/636/521
f 291/1527/531 1071/638/523 289/1526/532
f 290/636/521 136/598/488 112/642/215
f 295/643/526 293/645/528 292/646/529
f 1108/692/558 287/651/524 838/652/533
f 838/652/533 287/651/524 291/648/531
f 297/653/534 293/645/528 839/654/535
f 839/654/535 293/645/528 296/644/527
f 137/1528/247 840/656/537 289/657/532
f 837/647/530 840/656/537 295/643/526
f 728/305/249 126/321/265 138/319/263
f 296/644/527 295/643/526 298/661/538
f 841/1529/1173 298/661/538 126/658/265
f 841/1529/1173 126/658/265 146/1530/266
f 841/1531/1173 146/322/266 147/325/269
f 852/665/540 820/602/491 276/604/492
f 851/718/578 852/665/540 300/666/541
f 822/608/496 845/668/543 300/666/541
f 278/606/494 279/611/499 845/668/543
f 845/668/543 822/608/496 278/606/494
f 1107/1532/544 846/667/542 279/611/499
f 846/667/542 301/707/571 845/668/543
f 308/673/547 1107/669/544 847/671/545
f 1107/1533/544 303/681/546 304/683/549
f 282/1534/556 308/673/547 281/677/550
f 281/677/550 847/671/545 302/674/548
f 283/609/497 850/1535/555 848/1524/551
f 306/680/509 282/688/556 305/1536/508
f 282/1534/556 281/677/550 305/622/508
f 850/685/555 307/1537/552 848/1538/551
f 826/1539/506 850/1535/555 283/609/497
f 308/689/547 306/680/509 303/681/546
f 1112/684/554 826/686/506 1111/690/557
f 1111/690/557 277/693/505 831/691/510
f 299/695/559 315/709/573 856/697/561
f 854/696/560 856/697/561 1109/1540/1174
f 854/696/560 1109/1540/1174 319/755/602
f 312/703/567 844/710/574 324/705/569
f 859/1541/625 876/782/621 345/714/575
f 314/713/566 859/1541/625 345/714/575
f 324/705/569 851/718/578 309/708/572
f 324/705/569 879/797/633 852/665/540
f 851/718/578 300/666/541 309/708/572
f 877/720/579 846/722/542 304/792/549
f 878/789/627 877/720/579 304/792/549
f 1110/726/581 310/711/565 860/724/580
f 323/716/576 860/723/580 1072/698/562
f 862/1542/617 1109/1540/1174 856/697/561
f 862/1542/617 855/770/615 1109/1540/1174
f 855/770/615 871/757/604 1109/1540/1174
f 863/727/582 862/1542/617 856/697/561
f 863/727/582 856/697/561 315/709/573
f 320/729/584 862/773/617 863/730/582
f 853/739/592 863/730/582 316/1543/583
f 317/731/585 863/730/582 853/739/592
f 321/732/586 320/729/584 317/731/585
f 864/1544/591 315/709/573 313/706/570
f 864/1544/591 313/706/570 314/702/566
f 316/1543/583 864/737/591 853/739/592
f 316/728/583 315/709/573 864/1544/591
f 864/1544/591 314/702/566 865/735/589
f 866/734/588 864/1544/591 865/735/589
f 317/731/585 867/1545/594 318/733/587
f 317/1546/585 853/740/592 867/742/594
f 867/742/594 327/741/593 328/751/599
f 318/1421/587 867/742/594 328/751/599
f 868/1547/618 329/744/595 869/746/596
f 326/749/590 869/748/596 866/1548/588
f 327/741/593 866/745/588 329/744/595
f 328/751/599 873/750/598 321/1420/586
f 349/664/539 854/696/560 843/753/600
f 319/755/602 1109/1540/1174 871/757/604
f 319/755/602 331/758/605 330/756/603
f 337/767/612 871/757/604 870/768/613
f 862/773/617 320/729/584 872/774/616
f 340/747/597 868/1549/618 869/748/596
f 868/776/618 320/729/584 873/778/598
f 321/732/586 873/778/598 320/729/584
f 870/768/613 340/771/597 341/780/619
f 591/1550/1175 395/1551/735 924/1306/1053
f 341/1309/619 340/747/597 342/1314/1059
f 342/1314/1059 340/747/597 326/749/590
f 343/1552/623 858/715/564 345/714/575
f 1072/698/562 322/786/624 344/717/577
f 875/783/622 343/1552/623 345/714/575
f 875/783/622 876/782/621 322/1553/624
f 876/782/621 344/1554/577 322/1553/624
f 344/1554/577 876/782/621 323/1555/576
f 325/1556/626 876/782/621 859/1541/625
f 323/1555/576 876/782/621 325/1556/626
f 859/787/625 857/704/568 325/788/626
f 1110/726/581 309/708/572 310/711/565
f 324/705/569 309/708/572 1110/726/581
f 857/704/568 1110/726/581 323/725/576
f 314/702/566 858/1557/564 865/735/589
f 311/721/563 326/749/590 865/1558/589
f 311/699/563 865/1559/589 858/700/564
f 849/791/553 307/1537/552 850/685/555
f 850/685/555 1112/684/554 346/790/628
f 347/794/630 1112/684/554 1111/690/557
f 347/794/630 1111/690/557 1108/692/558
f 346/790/628 1112/684/554 1036/793/629
f 348/795/631 1108/692/558 838/652/533
f 1113/796/632 852/665/540 879/797/633
f 844/710/574 879/797/633 324/705/569
f 843/753/600 21/603/48 349/664/539
f 335/815/647 330/756/603 350/798/634
f 350/798/634 336/769/614 880/799/635
f 351/801/637 880/799/635 881/800/636
f 881/800/636 337/767/612 338/766/611
f 352/1560/638 351/801/637 338/766/611
f 1114/762/609 352/802/638 339/759/606
f 1033/805/640 1114/762/609 334/761/608
f 1115/813/601 354/809/643 895/1561/665
f 335/815/647 885/1562/646 883/810/644
f 335/815/647 1116/1563/1176 885/1562/646
f 1116/1564/1176 357/816/648 885/814/646
f 1116/1563/1176 335/815/647 350/798/634
f 886/1565/653 357/816/648 1116/1564/1176
f 1116/1563/1176 350/798/634 880/799/635
f 886/821/653 1116/1563/1176 880/799/635
f 1125/820/652 887/819/651 886/1565/653
f 1125/920/652 886/821/653 351/801/637
f 357/816/648 887/819/651 359/822/654
f 357/816/648 886/1565/653 887/819/651
f 885/814/646 884/817/649 356/812/645
f 891/826/658 884/817/649 890/827/659
f 358/824/656 890/827/659 357/816/648
f 891/826/658 890/827/659 358/824/656
f 893/830/662 888/823/655 359/822/654
f 360/829/661 358/824/656 894/831/663
f 889/825/657 891/826/658 892/828/660
f 900/832/664 892/828/660 363/856/680
f 356/812/645 1117/841/668 355/808/642
f 356/812/645 889/825/657 1117/841/668
f 78/172/141 76/164/133 895/833/665
f 77/170/139 895/833/665 76/164/133
f 678/149/119 680/171/140 679/168/137
f 895/842/665 1117/841/668 362/843/669
f 897/853/677 1118/850/674 366/851/675
f 899/854/678 363/856/680 897/853/677
f 363/856/680 901/852/676 897/853/677
f 899/854/678 361/840/667 362/843/669
f 889/825/657 900/832/664 1117/841/668
f 901/852/676 363/856/680 892/828/660
f 901/852/676 360/829/661 367/857/681
f 901/852/676 367/857/681 368/859/683
f 364/1566/672 368/1567/683 365/844/670
f 369/876/699 1119/863/687 903/858/682
f 1119/863/687 367/857/681 903/858/682
f 371/862/686 902/860/684 372/866/689
f 902/860/684 360/829/661 893/830/662
f 904/867/690 893/830/662 359/822/654
f 372/866/689 893/830/662 904/867/690
f 376/868/691 359/822/654 887/819/651
f 372/866/689 373/869/692 374/870/693
f 376/868/691 921/818/650 1120/912/727
f 904/867/690 376/868/691 1120/912/727
f 373/869/692 904/867/690 1120/912/727
f 374/870/693 373/869/692 375/873/696
f 373/869/692 1120/912/727 391/872/695
f 679/882/137 896/838/666 905/855/679
f 366/851/675 905/855/679 897/853/677
f 906/883/703 905/855/679 366/851/675
f 906/883/703 366/851/675 898/849/671
f 898/849/671 378/865/673 906/883/703
f 368/1567/683 378/847/673 365/844/670
f 379/874/697 906/883/703 378/865/673
f 907/875/698 370/864/688 1119/863/687
f 907/875/698 1119/863/687 369/876/699
f 383/880/701 908/879/685 371/1568/686
f 375/873/696 909/915/730 377/871/694
f 377/871/694 1121/1569/731 371/862/686
f 370/864/688 380/897/717 914/881/702
f 370/864/688 907/875/698 380/897/717
f 75/1570/136 679/882/137 384/884/704
f 384/884/704 679/882/137 906/883/703
f 911/1571/744 384/884/704 912/885/705
f 385/889/709 912/885/705 1122/886/706
f 379/874/697 912/885/705 906/883/703
f 1123/887/707 1122/886/706 379/874/697
f 917/893/713 932/888/708 1123/887/707
f 910/892/712 1123/887/707 914/881/702
f 917/893/713 1123/887/707 910/892/712
f 387/894/714 380/897/717 915/1572/721
f 387/894/714 915/1572/721 381/895/715
f 386/891/711 914/881/702 387/894/714
f 918/901/719 917/893/713 386/891/711
f 389/904/720 907/903/698 382/878/700
f 915/905/721 380/902/717 389/904/720
f 389/904/720 920/908/723 915/905/721
f 920/908/723 382/878/700 383/880/701
f 915/905/721 920/908/723 919/906/722
f 376/868/691 887/819/651 921/818/650
f 391/872/695 1120/912/727 392/914/729
f 1120/912/727 921/818/650 1124/913/728
f 921/927/650 593/918/733 1124/1573/728
f 391/1574/695 392/1575/729 909/1576/730
f 393/917/732 909/1576/730 392/1575/729
f 377/1577/694 909/1576/730 393/917/732
f 1121/916/731 377/1577/694 393/917/732
f 371/1568/686 1121/916/731 593/918/733
f 383/880/701 371/1568/686 593/918/733
f 393/917/732 392/1575/729 1124/1573/728
f 393/917/732 1124/1573/728 593/918/733
f 923/1578/734 922/911/726 1125/820/652
f 924/1306/1053 395/1551/735 923/1579/734
f 353/804/639 923/921/734 352/802/638
f 353/1580/639 924/1306/1053 923/1579/734
f 73/931/138 75/928/136 1126/930/737
f 400/936/742 397/937/743 911/938/744
f 911/938/744 397/937/743 396/932/738
f 926/935/741 403/946/750 925/940/745
f 402/944/749 403/946/750 926/935/741
f 403/946/750 927/950/753 930/941/746
f 404/948/751 927/950/753 403/946/750
f 927/950/753 928/949/752 931/1581/764
f 928/949/752 929/1582/755 931/1581/764
f 927/950/753 931/1581/764 930/941/746
f 930/1583/746 931/966/764 1127/965/763
f 405/968/766 931/966/764 929/957/755
f 1122/886/706 404/951/751 913/890/710
f 929/954/755 928/1584/752 932/888/708
f 388/898/718 933/955/754 917/899/713
f 406/910/725 933/955/754 388/898/718
f 929/957/755 934/956/756 405/968/766
f 406/910/725 919/906/722 920/908/723
f 918/958/719 381/907/715 919/906/722
f 918/958/719 406/910/725 388/898/718
f 916/1585/716 381/907/715 918/958/719
f 930/941/746 1127/1586/763 936/959/757
f 399/942/747 936/959/757 939/962/760
f 936/1587/757 407/960/758 939/962/760
f 407/960/758 938/1588/1177 937/961/759
f 937/961/759 938/1588/1177 408/963/761
f 398/943/748 939/962/760 937/961/759
f 925/940/745 939/962/760 398/943/748
f 398/943/748 937/961/759 408/963/761
f 940/978/773 409/933/739 408/963/761
f 941/967/765 411/964/762 931/966/764
f 1127/965/763 411/964/762 936/970/757
f 397/937/743 401/934/740 409/933/739
f 397/937/743 943/973/769 396/932/738
f 412/974/770 396/932/738 943/973/769
f 74/975/131 676/1589/121 73/931/138
f 421/1000/793 413/996/789 947/977/772
f 947/977/772 413/996/789 944/976/771
f 943/973/769 947/977/772 944/976/771
f 416/979/774 947/977/772 415/980/775
f 415/980/775 947/977/772 940/978/773
f 419/989/784 418/991/778 420/1590/900
f 948/1591/777 420/1590/900 418/991/778
f 983/1592/899 420/1593/900 948/982/777
f 949/981/776 948/982/777 417/984/779
f 946/985/780 986/1594/898 949/981/776
f 986/1594/898 948/982/777 949/981/776
f 985/988/783 423/987/782 419/989/784
f 417/984/779 950/992/785 960/993/786
f 417/984/779 422/994/787 421/1000/793
f 416/979/774 417/984/779 421/1000/793
f 416/979/774 421/1000/793 947/977/772
f 951/1010/802 74/975/131 412/974/770
f 424/998/791 951/1010/802 952/995/788
f 952/995/788 951/1010/802 412/974/770
f 952/995/788 944/976/771 413/996/789
f 953/997/790 413/996/789 421/1000/793
f 945/999/792 424/998/791 953/997/790
f 945/999/792 955/1012/804 424/998/791
f 1128/1003/796 432/1002/795 945/999/792
f 91/1009/161 428/1011/803 427/1015/807
f 957/1016/808 427/1015/807 429/1017/809
f 431/1008/801 959/1026/815 425/1004/797
f 959/1026/815 430/1023/812 425/1004/797
f 430/1023/812 956/1018/810 425/1004/797
f 956/1018/810 430/1023/812 958/1013/805
f 961/1014/806 414/1001/794 421/1000/793
f 962/1005/798 1128/1003/796 961/1014/806
f 961/1014/806 422/994/787 960/993/786
f 98/220/174 434/1595/158 435/1596/848
f 89/198/157 434/1595/158 98/220/174
f 436/1024/813 430/1023/812 959/1026/815
f 437/1007/800 1130/1035/824 431/1008/801
f 433/1006/799 438/1039/816 437/1007/800
f 438/1039/816 433/1006/799 426/1020/781
f 79/1029/818 91/1009/161 957/1016/808
f 440/1031/820 957/1016/808 429/1017/809
f 1129/1597/832 441/1033/822 442/1025/814
f 441/1033/822 963/1021/811 436/1024/813
f 442/1025/814 436/1024/813 959/1026/815
f 1130/1035/824 442/1025/814 431/1008/801
f 443/1038/827 967/1037/826 438/1039/816
f 90/1043/160 79/1598/818 445/1044/828
f 452/1059/836 444/1045/829 446/1046/830
f 439/1049/819 445/1044/828 79/1598/818
f 965/1047/831 440/1048/820 441/1050/822
f 446/1046/830 965/1047/831 1129/1051/832
f 447/1052/833 1129/1051/832 448/1599/1178
f 1129/1051/832 442/1600/814 966/1601/823
f 966/1601/823 448/1599/1178 1129/1051/832
f 449/1053/834 966/1601/823 1130/1054/824
f 1047/1359/1093 451/1602/825 443/1040/827
f 453/1060/837 446/1046/830 447/1052/833
f 454/1061/838 447/1052/833 448/1599/1178
f 449/1053/834 454/1061/838 448/1599/1178
f 449/1053/834 448/1599/1178 966/1601/823
f 968/1062/839 455/1070/846 90/1043/160
f 968/1062/839 444/1045/829 452/1059/836
f 456/1063/840 452/1059/836 453/1060/837
f 969/1064/841 454/1061/838 970/1065/842
f 969/1064/841 453/1060/837 454/1061/838
f 971/1067/844 970/1065/842 449/1053/834
f 90/1043/160 455/1070/846 434/1069/158
f 435/1072/848 434/1069/158 458/1071/847
f 460/223/176 693/221/175 98/222/174
f 459/1073/849 464/1076/851 435/1072/848
f 462/1078/853 464/1076/851 467/1082/857
f 973/1080/855 467/1082/857 464/1076/851
f 972/1096/869 462/1078/853 467/1082/857
f 463/1083/858 972/1096/869 467/1082/857
f 463/1083/858 468/1081/856 469/1098/871
f 460/1084/176 98/1074/174 461/1075/850
f 470/1085/859 461/1075/850 462/1078/853
f 53/1086/96 460/1084/176 974/1087/860
f 975/1089/862 974/1087/860 460/1084/176
f 975/1089/862 460/1084/176 470/1085/859
f 975/1089/862 470/1085/859 977/1090/863
f 977/1090/863 976/1092/865 472/1093/866
f 977/1090/863 472/1093/866 473/1091/864
f 472/1093/866 979/1095/868 978/1603/1179
f 472/1093/866 978/1603/1179 1010/1094/867
f 474/1097/870 979/1095/868 463/1083/858
f 978/1603/1179 979/1095/868 528/1099/872
f 458/1071/847 455/1070/846 968/1062/839
f 980/1102/875 465/1077/852 459/1073/849
f 981/1103/876 968/1062/839 456/1063/840
f 980/1102/875 458/1071/847 981/1103/876
f 466/1079/854 465/1077/852 477/1105/878
f 468/1081/856 466/1079/854 477/1105/878
f 980/1102/875 981/1103/876 478/1107/880
f 480/1106/879 465/1077/852 476/1104/877
f 479/1604/1180 476/1104/877 982/1111/884
f 480/1106/879 476/1104/877 479/1604/1180
f 477/1105/878 480/1106/879 485/1108/881
f 482/1112/885 981/1103/876 1137/1110/883
f 981/1103/876 456/1063/840 969/1064/841
f 478/1107/880 981/1103/876 482/1112/885
f 982/1111/884 478/1107/880 482/1112/885
f 480/1106/879 479/1604/1180 982/1111/884
f 480/1106/879 982/1111/884 484/1114/887
f 946/985/780 940/978/773 488/1121/894
f 986/1594/898 946/985/780 1131/1124/897
f 986/1594/898 1131/1124/897 491/1605/904
f 419/1606/784 420/1128/900 1132/1131/903
f 1132/1131/903 492/1139/908 985/1132/783
f 493/1363/902 983/1607/899 986/1134/898
f 984/1129/901 1133/1137/906 987/1138/907
f 954/1608/817 492/1139/908 987/1138/907
f 938/1588/1177 489/1123/896 408/963/761
f 489/1123/896 488/1121/894 408/963/761
f 489/1123/896 938/1588/1177 407/1143/758
f 490/1122/895 489/1123/896 1134/1142/910
f 1134/1142/910 1135/1141/909 1136/1609/911
f 490/1122/895 1134/1142/910 1136/1609/911
f 1131/1124/897 490/1122/895 491/1605/904
f 494/1146/912 1136/1145/911 1135/1147/909
f 935/972/768 407/969/758 942/971/767
f 1157/1136/905 491/1135/904 1136/1145/911
f 1157/1136/905 1136/1145/911 494/1146/912
f 1137/1110/883 969/1064/841 496/1066/843
f 1139/1149/914 1137/1110/883 496/1066/843
f 449/1053/834 450/1055/835 457/1068/845
f 497/1169/934 971/1067/844 498/1610/1181
f 971/1067/844 450/1055/835 498/1610/1181
f 499/1167/932 497/1169/934 498/1610/1181
f 450/1611/835 500/1356/1090 498/1612/1181
f 450/1611/835 451/1602/825 500/1356/1090
f 451/1602/825 1047/1359/1093 500/1356/1090
f 499/1613/932 500/1356/1090 501/1354/937
f 499/1613/932 498/1612/1181 500/1356/1090
f 496/1066/843 497/1169/934 995/1151/916
f 483/1113/886 482/1112/885 1138/1148/913
f 988/1152/917 1138/1148/913 1139/1149/914
f 484/1114/887 483/1113/886 988/1152/917
f 486/1116/889 502/1115/888 989/1154/919
f 503/1156/921 486/1116/889 989/1154/919
f 504/1178/943 503/1156/921 989/1154/919
f 504/1178/943 989/1154/919 993/1157/922
f 988/1152/917 1139/1149/914 505/1158/923
f 508/1153/918 988/1152/917 507/1159/924
f 508/1153/918 507/1159/924 506/1161/926
f 991/1163/928 502/1115/888 510/1162/927
f 990/1155/920 502/1115/888 991/1163/928
f 993/1189/922 992/1614/929 509/1187/952
f 506/1161/926 507/1159/924 505/1158/923
f 511/1150/915 995/1151/916 996/1170/935
f 998/1171/936 996/1170/935 997/1168/933
f 996/1170/935 995/1151/916 997/1168/933
f 998/1171/936 997/1168/933 501/1172/937
f 994/1166/931 511/1150/915 998/1171/936
f 994/1166/931 512/1173/938 505/1158/923
f 512/1173/938 994/1166/931 998/1171/936
f 513/1174/939 506/1161/926 999/1160/925
f 1000/1175/940 506/1161/926 513/1174/939
f 1000/1175/940 510/1162/927 506/1161/926
f 1003/1177/942 487/1117/890 503/1156/921
f 475/1100/873 979/1095/868 519/1615/1182
f 979/1095/868 481/1101/874 519/1615/1182
f 519/1615/1182 481/1101/874 520/1179/944
f 517/1180/945 518/1182/947 533/1616/967
f 517/1180/945 533/1616/967 520/1179/944
f 521/1119/892 469/1098/871 487/1117/890
f 517/1180/945 516/1109/882 1004/1181/946
f 518/1182/947 1004/1181/946 523/1183/948
f 523/1183/948 522/1118/891 515/1120/893
f 1006/1186/951 1003/1177/942 504/1178/943
f 1005/1185/950 515/1120/893 1003/1177/942
f 1006/1188/951 504/1617/943 993/1189/922
f 475/1193/873 530/1206/963 1008/1194/955
f 978/1618/1179 528/1195/872 1013/1205/962
f 1010/1203/867 978/1618/1179 1013/1205/962
f 527/1196/956 534/1197/957 975/1089/862
f 974/1087/860 975/1089/862 534/1197/957
f 274/493/403 471/1619/861 275/1198/958
f 275/1198/958 471/1619/861 534/1199/957
f 238/497/406 535/591/482 816/1201/959
f 816/1201/959 535/591/482 536/593/484
f 236/596/487 816/1201/959 536/593/484
f 1012/592/483 1013/1205/962 529/1204/961
f 1011/590/481 1013/1205/962 1012/592/483
f 1008/1194/955 529/1204/961 1013/1205/962
f 519/1615/1182 537/1209/966 475/1100/873
f 531/1214/969 530/1206/963 1014/1208/965
f 530/1206/963 475/1193/873 1009/1207/964
f 1009/1207/964 475/1193/873 537/1620/966
f 532/1217/972 1014/1208/965 533/1211/967
f 1014/1208/965 1009/1207/964 533/1211/967
f 520/1179/944 537/1209/966 519/1615/1182
f 1009/1210/964 520/1179/944 533/1616/967
f 538/1219/974 1141/1218/973 1140/1202/960
f 1141/1218/973 236/596/487 1140/1202/960
f 538/1219/974 1140/1202/960 529/1204/961
f 529/1204/961 1008/1194/955 530/1206/963
f 539/1215/970 538/1219/974 529/1204/961
f 539/1215/970 529/1204/961 531/1214/969
f 531/1214/969 1014/1208/965 532/1217/972
f 544/1229/984 1015/1216/971 532/1217/972
f 540/1222/977 236/596/487 1141/1218/973
f 541/1221/976 1141/1218/973 1016/1220/975
f 538/1219/974 539/1215/970 1016/1220/975
f 1015/1216/971 542/1223/978 539/1215/970
f 541/1221/976 1016/1220/975 542/1223/978
f 544/1229/984 542/1223/978 1015/1216/971
f 236/596/487 540/1222/977 817/594/485
f 817/594/485 1142/1226/981 546/1224/979
f 1017/1228/983 1142/1226/981 540/1222/977
f 541/1221/976 542/1223/978 544/1229/984
f 547/1232/987 546/1224/979 1142/1226/981
f 547/1232/987 1142/1226/981 543/1227/982
f 548/1234/989 547/1232/987 1018/1235/990
f 1018/1235/990 547/1232/987 1019/1233/988
f 552/1238/993 549/1236/991 1018/1235/990
f 1143/1237/992 552/1238/993 553/1247/1002
f 1143/1237/992 553/1247/1002 554/1240/995
f 1019/1233/988 543/1227/982 556/1243/998
f 1144/1244/999 1019/1233/988 556/1243/998
f 552/1238/993 1018/1235/990 1144/1244/999
f 553/1247/1002 552/1238/993 1020/1246/1001
f 1020/1246/1001 1144/1244/999 558/1262/1014
f 1020/1246/1001 558/1262/1014 559/1248/1003
f 550/1239/994 554/1240/995 555/1241/996
f 555/1241/996 559/1248/1003 560/1249/1004
f 556/1243/998 1017/1228/983 1021/1260/1012
f 1021/1260/1012 1017/1228/983 1022/1230/985
f 1021/1260/1012 1022/1230/985 1148/1261/1013
f 1145/1250/1005 1022/1230/985 532/1217/972
f 1148/1261/1013 1022/1230/985 1145/1250/1005
f 561/1251/1006 1148/1261/1013 1145/1250/1005
f 526/1231/986 1023/1253/1008 545/1213/968
f 523/1183/948 1146/1254/954 518/1182/947
f 1146/1254/954 524/1184/949 1005/1185/950
f 563/1621/1009 1146/1192/954 525/1190/953
f 1023/1253/1008 563/1258/1009 564/1622/1183
f 1145/1250/1005 1147/1257/1010 1024/1259/1011
f 1144/1244/999 1148/1261/1013 558/1262/1014
f 557/1245/1000 1021/1260/1012 1148/1261/1013
f 558/1262/1014 1148/1261/1013 561/1251/1006
f 1070/1263/1015 1024/1259/1011 1147/1257/1010
f 559/1248/1003 562/1252/1007 565/1265/1017
f 1024/1259/1011 1070/1263/1015 565/1265/1017
f 559/1248/1003 565/1265/1017 566/1266/1018
f 565/1265/1017 1155/1623/1080 566/1266/1018
f 546/1224/979 547/1232/987 567/1267/1019
f 570/1270/1022 569/1269/1021 548/1234/989
f 569/1269/1021 568/1268/1020 548/1234/989
f 548/1234/989 549/1236/991 570/1270/1022
f 570/1270/1022 549/1236/991 550/1239/994
f 1149/1273/1025 550/1239/994 551/1242/997
f 546/1224/979 572/1274/1026 233/502/411
f 576/1276/1028 575/1284/1036 1149/1273/1025
f 575/1284/1036 571/1272/1024 1149/1273/1025
f 568/1268/1020 572/1274/1026 567/1267/1019
f 1025/1278/1030 572/1274/1026 568/1268/1020
f 569/1269/1021 1025/1278/1030 568/1268/1020
f 570/1270/1022 571/1272/1024 577/1279/1031
f 569/1269/1021 1026/1271/1023 577/1279/1031
f 240/503/412 233/502/411 572/1274/1026
f 1025/1278/1030 240/503/412 572/1274/1026
f 1150/1281/1033 573/1280/1032 1025/1278/1030
f 575/1284/1036 574/1282/1034 577/1279/1031
f 240/503/412 809/574/470 788/501/410
f 1027/1287/1039 579/1285/1037 1150/1281/1033
f 573/1280/1032 1150/1281/1033 579/1285/1037
f 1027/1287/1039 580/1292/1044 811/576/472
f 1027/1287/1039 811/576/472 579/1285/1037
f 574/1282/1034 575/1284/1036 1028/1283/1035
f 574/1282/1034 1028/1283/1035 581/1288/1040
f 581/1288/1040 1028/1283/1035 576/1276/1028
f 582/1289/1041 576/1276/1028 1151/1275/1027
f 580/1292/1044 581/1288/1040 584/1291/1043
f 811/576/472 585/1293/1045 586/1295/1047
f 587/1296/1048 586/1295/1047 813/581/477
f 586/1295/1047 1029/1294/1046 1030/1297/1049
f 588/1298/1050 763/582/478 1030/1297/1049
f 588/1298/1050 1029/1294/1046 584/1291/1043
f 588/1298/1050 1030/1297/1049 1029/1294/1046
f 588/1301/1050 583/1338/1042 589/1302/1052
f 813/581/477 1030/1297/1049 763/582/478
f 215/439/364 763/582/478 764/440/363
f 213/435/360 590/1299/1051 214/434/362
f 1153/1331/1074 214/434/362 590/1299/1051
f 590/1300/1051 763/582/478 588/1298/1050
f 443/1040/827 987/1140/907 1047/1359/1093
f 1047/1359/1093 1156/1358/1092 1031/1355/1089
f 500/1356/1090 1047/1359/1093 1031/1355/1089
f 348/795/631 297/653/534 1038/1319/1064
f 333/1303/607 591/1550/1175 924/1306/1053
f 591/1550/1175 333/1303/607 874/1624/620
f 1032/1625/1054 395/1551/735 591/1550/1175
f 1033/1304/640 924/1306/1053 353/1580/639
f 394/926/736 592/1310/1055 593/918/733
f 390/909/724 613/1312/1057 934/956/756
f 383/880/701 593/918/733 613/1312/1057
f 613/1312/1057 410/1311/1056 934/956/756
f 1034/1313/1058 594/1365/1097 592/1310/1055
f 1034/1313/1058 592/1310/1055 395/925/735
f 591/1550/1175 874/1624/620 1032/1625/1054
f 1034/1313/1058 1032/1307/1054 1057/1382/1111
f 1057/1382/1111 1032/1307/1054 595/1315/1060
f 1032/1307/1054 341/1309/619 342/1314/1059
f 595/1315/1060 342/1314/1059 326/749/590
f 595/1315/1060 326/749/590 878/789/627
f 878/789/627 1036/793/629 1035/1316/1061
f 1038/1319/1064 596/1317/1062 1036/793/629
f 1038/1319/1064 297/653/534 294/655/536
f 294/655/536 1037/1320/1065 1038/1319/1064
f 296/644/527 298/661/538 1037/1320/1065
f 1039/1626/1184 1037/1320/1065 298/661/538
f 1039/1626/1184 597/1318/1063 1037/1320/1065
f 1039/1626/1184 298/661/538 841/1529/1173
f 842/1321/1066 841/1531/1173 147/325/269
f 1039/1627/1184 842/1323/1066 265/568/467
f 1039/1627/1184 841/1628/1173 842/1323/1066
f 265/568/467 264/1324/1067 1063/1394/1121
f 1039/1627/1184 265/568/467 1063/1394/1121
f 264/1324/1067 1040/570/469 263/558/462
f 262/557/461 264/1324/1067 263/558/462
f 264/1324/1067 262/557/461 598/1325/1068
f 1152/553/460 800/545/452 258/547/454
f 599/1412/1135 1163/1326/1069 1041/1327/1070
f 1163/1326/1069 598/1325/1068 1152/553/460
f 1041/1327/1070 1152/553/460 247/571/459
f 599/1412/1135 1041/1327/1070 1068/1329/1072
f 1041/1327/1070 247/571/459 267/573/350
f 1068/1329/1072 760/1328/1071 208/433/361
f 760/1328/1071 267/573/350 208/433/361
f 1069/1414/1137 600/1330/1073 1153/1331/1074
f 1153/1331/1074 590/1299/1051 589/1302/1052
f 1043/1333/1076 589/1302/1052 583/1338/1042
f 1154/1337/1079 1043/1333/1076 583/1338/1042
f 566/1340/1018 602/1334/1077 1154/1337/1079
f 566/1629/1018 1154/1339/1079 560/1249/1004
f 1164/1342/1081 1155/1341/1080 604/1343/1082
f 604/1343/1082 1155/1341/1080 1070/1630/1015
f 565/1631/1017 1070/1630/1015 1155/1341/1080
f 604/1343/1082 1070/1630/1015 1044/1344/1016
f 606/1415/1138 604/1343/1082 1045/1345/1083
f 1023/1346/1008 564/1632/1183 1044/1344/1016
f 1045/1345/1083 1044/1344/1016 564/1632/1183
f 563/1621/1009 525/1190/953 564/1632/1183
f 1045/1345/1083 564/1632/1183 525/1190/953
f 626/1348/1084 1045/1345/1083 509/1187/952
f 1002/1349/1085 992/1614/929 1046/1350/1086
f 1002/1349/1085 509/1187/952 992/1614/929
f 1046/1350/1086 992/1614/929 514/1633/930
f 608/1351/1087 1046/1350/1086 609/1352/1088
f 1046/1350/1086 514/1633/930 1001/1634/941
f 1046/1350/1086 1001/1634/941 609/1352/1088
f 609/1352/1088 1001/1635/941 512/1353/938
f 501/1354/937 1031/1355/1089 609/1352/1088
f 610/1357/1091 1156/1358/1092 1133/1360/906
f 610/1357/1091 609/1352/1088 1031/1355/1089
f 987/1140/907 1133/1360/906 1047/1359/1093
f 495/1361/1094 494/1146/912 935/972/768
f 495/1361/1094 612/1362/1095 611/1364/1096
f 493/1363/902 611/1364/1096 1048/1371/1103
f 493/1363/902 1048/1371/1103 1133/1636/906
f 1048/1371/1103 610/1372/1091 1133/1636/906
f 410/1311/1056 612/1362/1095 405/968/766
f 1049/1366/1098 612/1362/1095 410/1311/1056
f 612/1362/1095 614/1367/1099 611/1364/1096
f 592/1310/1055 613/1312/1057 593/918/733
f 614/1367/1099 612/1362/1095 1049/1366/1098
f 1050/1370/1102 614/1367/1099 1060/1369/1101
f 1052/1376/1106 1050/1370/1102 1060/1369/1101
f 610/1372/1091 611/1364/1096 1051/1375/1104
f 1051/1375/1104 611/1364/1096 1050/1370/1102
f 609/1352/1088 610/1357/1091 1053/1374/1105
f 1035/1316/1061 596/1317/1062 1056/1380/1109
f 1056/1380/1109 1058/1387/1116 1057/1382/1111
f 595/1315/1060 1056/1380/1109 1057/1382/1111
f 1056/1380/1109 615/1381/1110 1058/1387/1116
f 1057/1382/1111 1058/1387/1116 594/1365/1097
f 594/1365/1097 1058/1387/1116 1059/1386/1115
f 616/1385/1114 594/1365/1097 1059/1386/1115
f 616/1385/1114 1158/1368/1100 594/1365/1097
f 616/1385/1114 1060/1369/1101 1158/1368/1100
f 1061/1384/1113 1060/1369/1101 1059/1386/1115
f 1062/1388/1117 1061/1384/1113 615/1381/1110
f 1061/1384/1113 1058/1387/1116 615/1381/1110
f 597/1318/1063 1159/1389/1118 1038/1319/1064
f 1063/1392/1121 597/1318/1063 1039/1626/1184
f 1159/1389/1118 597/1318/1063 1062/1388/1117
f 617/1383/1112 1160/1390/1119 1065/1396/1124
f 617/1383/1112 1065/1396/1124 1054/1397/1108
f 1161/1406/1129 1055/1378/1107 1054/1402/1108
f 620/1398/1125 1162/1401/1126 1065/1399/1124
f 618/1393/1122 1064/1403/1120 1063/1394/1121
f 1002/1349/1085 1066/1404/1127 621/1405/1128
f 1007/1407/1130 1161/1406/1129 1162/1401/1126
f 1066/1404/1127 1053/1374/1105 1055/1378/1107
f 622/1408/1131 1007/1407/1130 1162/1401/1126
f 623/1409/1132 622/1408/1131 620/1398/1125
f 1067/1410/1133 624/1411/1134 623/1409/1132
f 623/1409/1132 620/1398/1125 618/1393/1122
f 1067/1410/1133 618/1393/1122 264/1324/1067
f 1042/1413/1136 624/1411/1134 599/1412/1135
f 600/1330/1073 1069/1414/1137 1068/1329/1072
f 1002/1349/1085 621/1405/1128 626/1348/1084
f 626/1348/1084 621/1405/1128 1007/1407/1130
f 607/1416/1139 626/1348/1084 1007/1407/1130
f 1042/1413/1136 1069/1414/1137 625/1417/1140
f 1042/1413/1136 625/1417/1140 622/1408/1131
f 625/1417/1140 1153/1331/1074 601/1335/1078
f 605/1418/1141 603/1332/1075 602/1334/1077
f 606/1415/1138 626/1348/1084 607/1416/1139
f 604/1343/1082 606/1415/1138 605/1418/1141
f 607/1416/1139 601/1335/1078 605/1418/1141
f 281/677/550 302/674/548 305/622/508
f 288/300/245 1071/638/523 836/637/522
f 260/543/449 253/537/446 256/541/450
f 16/34/29 655/60/50 24/42/36
f 173/367/302 184/384/319 180/371/306
f 165/363/298 185/388/323 187/392/326
f 191/1419/1142 192/403/334 755/448/368
f 196/413/343 755/448/368 219/447/369
f 196/413/343 219/447/369 772/471/371
f 471/1637/861 274/493/403 53/494/96
f 238/497/406 236/596/487 783/1514/1172
f 236/596/487 780/595/486 783/1514/1172
f 492/1139/908 954/1608/817 985/1132/783
f 1167/1428/1149 1175/1427/1148 1173/1423/1144
f 1179/1434/1155 1177/1638/1157 1173/1435/1144
f 1180/1437/1156 1179/1639/1155 1175/1438/1148
f 1177/1440/1157 1178/1640/1158 1174/1441/1146
f 1178/1443/1158 1180/1641/1156 1176/1444/1152
f 1184/1446/1159 1183/1642/1161 1179/1447/1155
f 1181/1449/1160 1182/1643/1162 1178/1450/1158
f 1183/1452/1161 1184/1644/1159 1182/1453/1162
f 1182/1455/1162 1184/1645/1159 1180/1456/1156
f 1183/1458/1161 1181/1646/1160 1177/1459/1157
